{
"type": "FeatureCollection",
"name": "auto_zones",
"crs": { "type": "name", "properties": { "name": "urn:ogc:def:crs:OGC:1.3:CRS84" } },
"features": [
{ "type": "Feature", "properties": { "zone_id": "Z-14-08", "impact_mean": 44.563116673986237, "impact_max": 44.769832611083984, "impact_std": 0.08577489774591221, "impact_count": 68310, "priority": "MEDIUM", "rank": 1 }, "geometry": { "type": "Polygon", "coordinates": [ [ [ 77.222189713817642, 28.593375661985053 ], [ 77.222702556765299, 28.617733306869805 ], [ 77.196805319867607, 28.618155644400922 ], [ 77.196298440393704, 28.593797574606743 ], [ 77.222189713817642, 28.593375661985053 ] ] ] } },
{ "type": "Feature", "properties": { "zone_id": "Z-18-13", "impact_mean": 44.309015966202132, "impact_max": 78.702339172363281, "impact_std": 5.6795328674576337, "impact_count": 36452, "priority": "MEDIUM", "rank": 2 }, "geometry": { "type": "Polygon", "coordinates": [ [ [ 77.328439269796988, 28.713417161600614 ], [ 77.328979298786081, 28.737772572607224 ], [ 77.30305442510911, 28.738216899801685 ], [ 77.30252039439182, 28.713861043013193 ], [ 77.328439269796988, 28.713417161600614 ] ] ] } },
{ "type": "Feature", "properties": { "zone_id": "Z-16-02", "impact_mean": 42.217280701754383, "impact_max": 46.046276092529297, "impact_std": 4.6856533579222184, "impact_count": 25650, "priority": "MEDIUM", "rank": 3 }, "geometry": { "type": "Polygon", "coordinates": [ [ [ 77.270835610081278, 28.446374326329003 ], [ 77.271356482980309, 28.470731683579764 ], [ 77.245496036878137, 28.471161297149504 ], [ 77.244981082142658, 28.446803506221901 ], [ 77.270835610081278, 28.446374326329003 ] ] ] } },
{ "type": "Feature", "properties": { "zone_id": "Z-11-07", "impact_mean": 40.980654369784801, "impact_max": 41.1522216796875, "impact_std": 0.064802903584343471, "impact_count": 68310, "priority": "MEDIUM", "rank": 4 }, "geometry": { "type": "Polygon", "coordinates": [ [ [ 77.144019903107278, 28.570267589243166 ], [ 77.144514240144261, 28.594626589328229 ], [ 77.118621326326036, 28.595033690660348 ], [ 77.118132946977894, 28.570674280757128 ], [ 77.144019903107278, 28.570267589243166 ] ] ] } },
{ "type": "Feature", "properties": { "zone_id": "Z-14-09", "impact_mean": 40.673373393812987, "impact_max": 72.868049621582031, "impact_std": 12.629168452651502, "impact_count": 68563, "priority": "MEDIUM", "rank": 5 }, "geometry": { "type": "Polygon", "coordinates": [ [ [ 77.222702556765299, 28.617733306869805 ], [ 77.223216036372918, 28.642090855750485 ], [ 77.1973128286064, 28.64251361838226 ], [ 77.196805319867607, 28.618155644400922 ], [ 77.222702556765299, 28.617733306869805 ] ] ] } },
{ "type": "Feature", "properties": { "zone_id": "Z-09-03", "impact_mean": 40.551862061206123, "impact_max": 40.624935150146484, "impact_std": 0.030464894768804381, "impact_count": 5555, "priority": "MEDIUM", "rank": 6 }, "geometry": { "type": "Polygon", "coordinates": [ [ [ 77.090321752221698, 28.473635831422406 ], [ 77.090801782849567, 28.497996025636912 ], [ 77.064931598578099, 28.498391652431113 ], [ 77.064457497177756, 28.474031059051132 ], [ 77.090321752221698, 28.473635831422406 ] ] ] } },
{ "type": "Feature", "properties": { "zone_id": "Z-13-08", "impact_mean": 40.401427316644707, "impact_max": 44.488498687744141, "impact_std": 10.823349071283413, "impact_count": 68310, "priority": "MEDIUM", "rank": 7 }, "geometry": { "type": "Polygon", "coordinates": [ [ [ 77.196298440393704, 28.593797574606743 ], [ 77.196805319867607, 28.618155644400922 ], [ 77.170907529126708, 28.618573040251615 ], [ 77.170406613668163, 28.594214550516504 ], [ 77.196298440393704, 28.593797574606743 ] ] ] } },
{ "type": "Feature", "properties": { "zone_id": "Z-07-19", "impact_mean": 40.318474426807761, "impact_max": 40.695236206054688, "impact_std": 0.18890612458562495, "impact_count": 28350, "priority": "MEDIUM", "rank": 8 }, "geometry": { "type": "Polygon", "coordinates": [ [ [ 77.046153633438678, 28.864185811167243 ], [ 77.046631186228367, 28.888545281051456 ], [ 77.02066408060864, 28.888937321825601 ], [ 77.020192576767727, 28.864577459875331 ], [ 77.046153633438678, 28.864185811167243 ] ] ] } },
{ "type": "Feature", "properties": { "zone_id": "Z-11-08", "impact_mean": 40.247108768847902, "impact_max": 65.121429443359375, "impact_std": 5.9860367047169269, "impact_count": 68310, "priority": "MEDIUM", "rank": 9 }, "geometry": { "type": "Polygon", "coordinates": [ [ [ 77.144514240144261, 28.594626589328229 ], [ 77.145009191052168, 28.618985494035275 ], [ 77.119110312154376, 28.61939300536983 ], [ 77.118621326326036, 28.595033690660348 ], [ 77.144514240144261, 28.594626589328229 ] ] ] } },
{ "type": "Feature", "properties": { "zone_id": "Z-03-13", "impact_mean": 40.116719878740973, "impact_max": 40.227802276611328, "impact_std": 0.060034744606457587, "impact_count": 3876, "priority": "MEDIUM", "rank": 10 }, "geometry": { "type": "Polygon", "coordinates": [ [ [ 76.939597985922958, 28.719554406363283 ], [ 76.940047983685318, 28.743915981219914 ], [ 76.914115056041695, 28.744285793406956 ], [ 76.913671064459166, 28.719923847485031 ], [ 76.939597985922958, 28.719554406363283 ] ] ] } },
{ "type": "Feature", "properties": { "zone_id": "Z-03-14", "impact_mean": 39.990718046477852, "impact_max": 40.211040496826172, "impact_std": 0.089985411123739339, "impact_count": 55080, "priority": "LOW", "rank": 11 }, "geometry": { "type": "Polygon", "coordinates": [ [ [ 76.940047983685318, 28.743915981219914 ], [ 76.94049853944135, 28.768277461769642 ], [ 76.914559598176538, 28.768647645189937 ], [ 76.914115056041695, 28.744285793406956 ], [ 76.940047983685318, 28.743915981219914 ] ] ] } },
{ "type": "Feature", "properties": { "zone_id": "Z-03-15", "impact_mean": 39.756150314603453, "impact_max": 39.972801208496094, "impact_std": 0.088548124886593624, "impact_count": 54672, "priority": "LOW", "rank": 12 }, "geometry": { "type": "Polygon", "coordinates": [ [ [ 76.94049853944135, 28.768277461769642 ], [ 76.940949653740063, 28.792638847955846 ], [ 76.915004691405429, 28.793009402777606 ], [ 76.914559598176538, 28.768647645189937 ], [ 76.94049853944135, 28.768277461769642 ] ] ] } },
{ "type": "Feature", "properties": { "zone_id": "Z-05-18", "impact_mean": 39.530206400742117, "impact_max": 39.577178955078125, "impact_std": 0.024294368284833161, "impact_count": 2156, "priority": "LOW", "rank": 13 }, "geometry": { "type": "Polygon", "coordinates": [ [ [ 76.993766128133956, 28.840603770495782 ], [ 76.994231006817387, 28.864964114450238 ], [ 76.968268930167042, 28.865345774532653 ], [ 76.967810093963521, 28.840985048679581 ], [ 76.993766128133956, 28.840603770495782 ] ] ] } },
{ "type": "Feature", "properties": { "zone_id": "Z-07-18", "impact_mean": 39.158631108775616, "impact_max": 57.176162719726562, "impact_std": 3.6542179291888455, "impact_count": 30448, "priority": "LOW", "rank": 14 }, "geometry": { "type": "Polygon", "coordinates": [ [ [ 77.045676671300598, 28.839826245994015 ], [ 77.046153633438678, 28.864185811167243 ], [ 77.020192576767727, 28.864577459875331 ], [ 77.01972165610394, 28.840217502814301 ], [ 77.045676671300598, 28.839826245994015 ] ] ] } },
{ "type": "Feature", "properties": { "zone_id": "Z-00-08", "impact_mean": 38.643566095740006, "impact_max": 38.646896362304688, "impact_std": 0.0019268577681489962, "impact_count": 68310, "priority": "LOW", "rank": 15 }, "geometry": { "type": "Polygon", "coordinates": [ [ [ 76.859663903425641, 28.598833061918405 ], [ 76.860093210765058, 28.623196203224477 ], [ 76.834188812727291, 28.623549323708328 ], [ 76.833765475866272, 28.599185827095496 ], [ 76.859663903425641, 28.598833061918405 ] ] ] } },
{ "type": "Feature", "properties": { "zone_id": "Z-00-09", "impact_mean": 38.637523237136101, "impact_max": 38.640220642089844, "impact_std": 0.0015629494361482628, "impact_count": 55407, "priority": "LOW", "rank": 16 }, "geometry": { "type": "Polygon", "coordinates": [ [ [ 76.860093210765058, 28.623196203224477 ], [ 76.860523051150139, 28.647559251000988 ], [ 76.834612675226495, 28.647912726951617 ], [ 76.834188812727291, 28.623549323708328 ], [ 76.860093210765058, 28.623196203224477 ] ] ] } },
{ "type": "Feature", "properties": { "zone_id": "Z-17-03", "impact_mean": 38.457032931554025, "impact_max": 47.589038848876953, "impact_std": 13.167131352554581, "impact_count": 25553, "priority": "LOW", "rank": 17 }, "geometry": { "type": "Polygon", "coordinates": [ [ [ 77.297216359064649, 28.470297159285238 ], [ 77.29774380456378, 28.494653981679502 ], [ 77.271878003521479, 28.495088944800681 ], [ 77.271356482980309, 28.470731683579764 ], [ 77.297216359064649, 28.470297159285238 ] ] ] } },
{ "type": "Feature", "properties": { "zone_id": "Z-08-19", "impact_mean": 38.42109500805153, "impact_max": 69.984535217285156, "impact_std": 6.3974065321638189, "impact_count": 68310, "priority": "LOW", "rank": 18 }, "geometry": { "type": "Polygon", "coordinates": [ [ [ 77.072114170251666, 28.863789168689959 ], [ 77.07259777147668, 28.888148241511974 ], [ 77.046631186228367, 28.888545281051456 ], [ 77.046153633438678, 28.864185811167243 ], [ 77.072114170251666, 28.863789168689959 ] ] ] } },
{ "type": "Feature", "properties": { "zone_id": "Z-05-03", "impact_mean": 38.412353735373536, "impact_max": 38.513339996337891, "impact_std": 0.044386927021370211, "impact_count": 9999, "priority": "LOW", "rank": 19 }, "geometry": { "type": "Polygon", "coordinates": [ [ [ 76.98686164850136, 28.475187257845054 ], [ 76.987317959212021, 28.49954901896043 ], [ 76.961445738848667, 28.499924968662764 ], [ 76.960995359349283, 28.475562828224163 ], [ 76.98686164850136, 28.475187257845054 ] ] ] } },
{ "type": "Feature", "properties": { "zone_id": "Z-01-09", "impact_mean": 38.36310358465466, "impact_max": 64.85333251953125, "impact_std": 3.4023700623461157, "impact_count": 55626, "priority": "LOW", "rank": 20 }, "geometry": { "type": "Polygon", "coordinates": [ [ [ 76.885997139646292, 28.622838136390165 ], [ 76.88643295745743, 28.647200823723075 ], [ 76.860523051150139, 28.647559251000988 ], [ 76.860093210765058, 28.623196203224477 ], [ 76.885997139646292, 28.622838136390165 ] ] ] } },
{ "type": "Feature", "properties": { "zone_id": "Z-04-03", "impact_mean": 38.31443926873002, "impact_max": 38.452140808105469, "impact_std": 0.050552907477302574, "impact_count": 25654, "priority": "LOW", "rank": 21 }, "geometry": { "type": "Polygon", "coordinates": [ [ [ 76.960995359349283, 28.475562828224163 ], [ 76.961445738848667, 28.499924968662764 ], [ 76.935573025671189, 28.500295998211232 ], [ 76.935128577863253, 28.475933483411119 ], [ 76.960995359349283, 28.475562828224163 ] ] ] } },
{ "type": "Feature", "properties": { "zone_id": "Z-03-03", "impact_mean": 38.250904981802528, "impact_max": 38.295127868652344, "impact_std": 0.0044590126410392868, "impact_count": 25553, "priority": "LOW", "rank": 22 }, "geometry": { "type": "Polygon", "coordinates": [ [ [ 76.935128577863253, 28.475933483411119 ], [ 76.935573025671189, 28.500295998211232 ], [ 76.909699826164612, 28.500662107262531 ], [ 76.909261310522041, 28.476299223063076 ], [ 76.935128577863253, 28.475933483411119 ] ] ] } },
{ "type": "Feature", "properties": { "zone_id": "Z-00-03", "impact_mean": 38.25000489179353, "impact_max": 38.250003814697266, "impact_std": 1.0770962646233782e-06, "impact_count": 25553, "priority": "LOW", "rank": 23 }, "geometry": { "type": "Polygon", "coordinates": [ [ [ 76.857525344192638, 28.477015954413318 ], [ 76.857951994108092, 28.501379562523201 ], [ 76.832077374531877, 28.501730908068705 ], [ 76.831656658165585, 28.477366945448587 ], [ 76.857525344192638, 28.477015954413318 ] ] ] } },
{ "type": "Feature", "properties": { "zone_id": "Z-00-04", "impact_mean": 38.250003659786266, "impact_max": 38.250003814697266, "impact_std": 1.5491099958353516e-07, "impact_count": 68310, "priority": "LOW", "rank": 24 }, "geometry": { "type": "Polygon", "coordinates": [ [ [ 76.857951994108092, 28.501379562523201 ], [ 76.858379174470826, 28.525743077385034 ], [ 76.832498613973968, 28.526094777599596 ], [ 76.832077374531877, 28.501730908068705 ], [ 76.857951994108092, 28.501379562523201 ] ] ] } },
{ "type": "Feature", "properties": { "zone_id": "Z-01-03", "impact_mean": 38.249970764793012, "impact_max": 38.250003814697266, "impact_std": 0.00056007184547474771, "impact_count": 25654, "priority": "LOW", "rank": 25 }, "geometry": { "type": "Polygon", "coordinates": [ [ [ 76.883393563805086, 28.476660046841733 ], [ 76.883826146814755, 28.501023295477925 ], [ 76.857951994108092, 28.501379562523201 ], [ 76.857525344192638, 28.477015954413318 ], [ 76.883393563805086, 28.476660046841733 ] ] ] } },
{ "type": "Feature", "properties": { "zone_id": "Z-02-03", "impact_mean": 38.216271083630104, "impact_max": 38.250003814697266, "impact_std": 0.96489048892246332, "impact_count": 25553, "priority": "LOW", "rank": 26 }, "geometry": { "type": "Polygon", "coordinates": [ [ [ 76.909261310522041, 28.476299223063076 ], [ 76.909699826164612, 28.500662107262531 ], [ 76.883826146814755, 28.501023295477925 ], [ 76.883393563805086, 28.476660046841733 ], [ 76.909261310522041, 28.476299223063076 ] ] ] } },
{ "type": "Feature", "properties": { "zone_id": "Z-10-03", "impact_mean": 38.067939759698156, "impact_max": 53.150421142578125, "impact_std": 10.077704711264744, "impact_count": 27299, "priority": "LOW", "rank": 27 }, "geometry": { "type": "Polygon", "coordinates": [ [ [ 77.116185482549383, 28.473235690383692 ], [ 77.116671441893104, 28.497595480473333 ], [ 77.090801782849567, 28.497996025636912 ], [ 77.090321752221698, 28.473635831422406 ], [ 77.116185482549383, 28.473235690383692 ] ] ] } },
{ "type": "Feature", "properties": { "zone_id": "Z-10-07", "impact_mean": 37.903784219001608, "impact_max": 65.520088195800781, "impact_std": 10.456372043200133, "impact_count": 68310, "priority": "LOW", "rank": 28 }, "geometry": { "type": "Polygon", "coordinates": [ [ [ 77.118132946977894, 28.570674280757128 ], [ 77.118621326326036, 28.595033690660348 ], [ 77.092727878718378, 28.595435854135854 ], [ 77.092245457580745, 28.571076039382252 ], [ 77.118132946977894, 28.570674280757128 ] ] ] } },
{ "type": "Feature", "properties": { "zone_id": "Z-14-07", "impact_mean": 37.75, "impact_max": 69.0892333984375, "impact_std": 15.319544253599505, "impact_count": 68310, "priority": "LOW", "rank": 29 }, "geometry": { "type": "Polygon", "coordinates": [ [ [ 77.221677506907369, 28.569017921156089 ], [ 77.222189713817642, 28.593375661985053 ], [ 77.196298440393704, 28.593797574606743 ], [ 77.195792189569332, 28.569439409059306 ], [ 77.221677506907369, 28.569017921156089 ] ] ] } },
{ "type": "Feature", "properties": { "zone_id": "Z-14-16", "impact_mean": 37.738022051116666, "impact_max": 59.908847808837891, "impact_std": 12.353983520204334, "impact_count": 12403, "priority": "LOW", "rank": 30 }, "geometry": { "type": "Polygon", "coordinates": [ [ [ 77.226310318881673, 28.78823412960206 ], [ 77.226828272634123, 28.812591004781734 ], [ 77.20088306111542, 28.813016748496636 ], [ 77.200371130200224, 28.788659446869676 ], [ 77.226310318881673, 28.78823412960206 ] ] ] } },
{ "type": "Feature", "properties": { "zone_id": "Z-00-05", "impact_mean": 37.484354413702242, "impact_max": 38.466270446777344, "impact_std": 4.0534246347186249, "impact_count": 68310, "priority": "LOW", "rank": 31 }, "geometry": { "type": "Polygon", "coordinates": [ [ [ 76.858379174470826, 28.525743077385034 ], [ 76.858806885798657, 28.550106498942412 ], [ 76.832920377002537, 28.550458553985095 ], [ 76.832498613973968, 28.526094777599596 ], [ 76.858379174470826, 28.525743077385034 ] ] ] } },
{ "type": "Feature", "properties": { "zone_id": "Z-01-04", "impact_mean": 37.013338436862057, "impact_max": 68.0, "impact_std": 4.9727140617238934, "impact_count": 68580, "priority": "LOW", "rank": 32 }, "geometry": { "type": "Polygon", "coordinates": [ [ [ 76.883826146814755, 28.501023295477925 ], [ 76.884259267642335, 28.525386450705017 ], [ 76.858379174470826, 28.525743077385034 ], [ 76.857951994108092, 28.501379562523201 ], [ 76.883826146814755, 28.501023295477925 ] ] ] } },
{ "type": "Feature", "properties": { "zone_id": "Z-18-07", "impact_mean": 36.078684546615584, "impact_max": 47.890071868896484, "impact_std": 16.596895150396325, "impact_count": 39150, "priority": "LOW", "rank": 33 }, "geometry": { "type": "Polygon", "coordinates": [ [ [ 77.325213118741843, 28.567282659958142 ], [ 77.325749144462435, 28.591638652260809 ], [ 77.299860149260212, 28.59208030777793 ], [ 77.29933007739956, 28.567723870896877 ], [ 77.325213118741843, 28.567282659958142 ] ] ] } },
{ "type": "Feature", "properties": { "zone_id": "Z-13-07", "impact_mean": 35.54450666081101, "impact_max": 61.730968475341797, "impact_std": 16.445949039065137, "impact_count": 68310, "priority": "LOW", "rank": 34 }, "geometry": { "type": "Polygon", "coordinates": [ [ [ 77.195792189569332, 28.569439409059306 ], [ 77.196298440393704, 28.593797574606743 ], [ 77.170406613668163, 28.594214550516504 ], [ 77.169906319470329, 28.569855965216874 ], [ 77.195792189569332, 28.569439409059306 ] ] ] } },
{ "type": "Feature", "properties": { "zone_id": "Z-11-06", "impact_mean": 35.042929292929294, "impact_max": 67.904563903808594, "impact_std": 14.543014372508996, "impact_count": 68310, "priority": "LOW", "rank": 35 }, "geometry": { "type": "Polygon", "coordinates": [ [ [ 77.143526179341322, 28.545908493839168 ], [ 77.144019903107278, 28.570267589243166 ], [ 77.118132946977894, 28.570674280757128 ], [ 77.117645173517289, 28.546314775718979 ], [ 77.143526179341322, 28.545908493839168 ] ] ] } },
{ "type": "Feature", "properties": { "zone_id": "Z-06-18", "impact_mean": 34.996625317617166, "impact_max": 54.374671936035156, "impact_std": 10.300810846114661, "impact_count": 3542, "priority": "LOW", "rank": 36 }, "geometry": { "type": "Polygon", "coordinates": [ [ [ 77.01972165610394, 28.840217502814301 ], [ 77.020192576767727, 28.864577459875331 ], [ 76.994231006817387, 28.864964114450238 ], [ 76.993766128133956, 28.840603770495782 ], [ 77.01972165610394, 28.840217502814301 ] ] ] } },
{ "type": "Feature", "properties": { "zone_id": "Z-15-02", "impact_mean": 34.840430883639542, "impact_max": 59.607826232910156, "impact_std": 14.265776954848695, "impact_count": 68580, "priority": "LOW", "rank": 37 }, "geometry": { "type": "Polygon", "coordinates": [ [ [ 77.244981082142658, 28.446803506221901 ], [ 77.245496036878137, 28.471161297149504 ], [ 77.21963502722727, 28.471585999597298 ], [ 77.219125991203796, 28.447227779947028 ], [ 77.244981082142658, 28.446803506221901 ] ] ] } },
{ "type": "Feature", "properties": { "zone_id": "Z-18-06", "impact_mean": 34.108186201969687, "impact_max": 66.894569396972656, "impact_std": 17.860180923596065, "impact_count": 39194, "priority": "LOW", "rank": 38 }, "geometry": { "type": "Polygon", "coordinates": [ [ [ 77.324677757950099, 28.542926570986335 ], [ 77.325213118741843, 28.567282659958142 ], [ 77.29933007739956, 28.567723870896877 ], [ 77.298800663091029, 28.543367337546226 ], [ 77.324677757950099, 28.542926570986335 ] ] ] } },
{ "type": "Feature", "properties": { "zone_id": "Z-12-08", "impact_mean": 34.013163458734326, "impact_max": 42.786415100097656, "impact_std": 15.529626747801119, "impact_count": 68580, "priority": "LOW", "rank": 39 }, "geometry": { "type": "Polygon", "coordinates": [ [ [ 77.170406613668163, 28.594214550516504 ], [ 77.170907529126708, 28.618573040251615 ], [ 77.145009191052168, 28.618985494035275 ], [ 77.144514240144261, 28.594626589328229 ], [ 77.170406613668163, 28.594214550516504 ] ] ] } },
{ "type": "Feature", "properties": { "zone_id": "Z-03-09", "impact_mean": 33.253532111736654, "impact_max": 68.232864379882812, "impact_std": 11.896852107495238, "impact_count": 55774, "priority": "LOW", "rank": 40 }, "geometry": { "type": "Polygon", "coordinates": [ [ [ 76.937803563864222, 28.622107165002017 ], [ 76.938251335122487, 28.646469116518997 ], [ 76.91234238762307, 28.646837445450128 ], [ 76.911900592852078, 28.622475123537214 ], [ 76.937803563864222, 28.622107165002017 ] ] ] } },
{ "type": "Feature", "properties": { "zone_id": "Z-02-09", "impact_mean": 33.130791235764434, "impact_max": 69.605659484863281, "impact_std": 10.463834198942061, "impact_count": 55407, "priority": "LOW", "rank": 41 }, "geometry": { "type": "Polygon", "coordinates": [ [ [ 76.911900592852078, 28.622475123537214 ], [ 76.91234238762307, 28.646837445450128 ], [ 76.88643295745743, 28.647200823723075 ], [ 76.885997139646292, 28.622838136390165 ], [ 76.911900592852078, 28.622475123537214 ] ] ] } },
{ "type": "Feature", "properties": { "zone_id": "Z-01-08", "impact_mean": 32.523589238845148, "impact_max": 68.940444946289062, "impact_std": 9.3722567754316639, "impact_count": 68580, "priority": "LOW", "rank": 42 }, "geometry": { "type": "Polygon", "coordinates": [ [ [ 76.885561862287489, 28.598475355365444 ], [ 76.885997139646292, 28.622838136390165 ], [ 76.860093210765058, 28.623196203224477 ], [ 76.859663903425641, 28.598833061918405 ], [ 76.885561862287489, 28.598475355365444 ] ] ] } },
{ "type": "Feature", "properties": { "zone_id": "Z-10-06", "impact_mean": 32.009892402283704, "impact_max": 81.485031127929688, "impact_std": 18.492586578744675, "impact_count": 68310, "priority": "LOW", "rank": 43 }, "geometry": { "type": "Polygon", "coordinates": [ [ [ 77.117645173517289, 28.546314775718979 ], [ 77.118132946977894, 28.570674280757128 ], [ 77.092245457580745, 28.571076039382252 ], [ 77.091763634946176, 28.546716129675488 ], [ 77.117645173517289, 28.546314775718979 ] ] ] } },
{ "type": "Feature", "properties": { "zone_id": "Z-15-08", "impact_mean": 31.132728200641587, "impact_max": 94.215995788574219, "impact_std": 20.044124523448765, "impact_count": 68580, "priority": "LOW", "rank": 44 }, "geometry": { "type": "Polygon", "coordinates": [ [ [ 77.248080427437571, 28.59294881304211 ], [ 77.24859923331104, 28.617306028049462 ], [ 77.222702556765299, 28.617733306869805 ], [ 77.222189713817642, 28.593375661985053 ], [ 77.248080427437571, 28.59294881304211 ] ] ] } },
{ "type": "Feature", "properties": { "zone_id": "Z-00-07", "impact_mean": 30.982681891377542, "impact_max": 66.614585876464844, "impact_std": 12.767466920859432, "impact_count": 68310, "priority": "LOW", "rank": 45 }, "geometry": { "type": "Polygon", "coordinates": [ [ [ 76.859235128610379, 28.574469827138966 ], [ 76.859663903425641, 28.598833061918405 ], [ 76.833765475866272, 28.599185827095496 ], [ 76.833342664129148, 28.57482223716908 ], [ 76.859235128610379, 28.574469827138966 ] ] ] } },
{ "type": "Feature", "properties": { "zone_id": "Z-17-13", "impact_mean": 30.890450057477601, "impact_max": 83.992408752441406, "impact_std": 21.281128087915455, "impact_count": 63503, "priority": "LOW", "rank": 46 }, "geometry": { "type": "Polygon", "coordinates": [ [ [ 77.30252039439182, 28.713861043013193 ], [ 77.30305442510911, 28.738216899801685 ], [ 77.277128968709192, 28.738656262042316 ], [ 77.27660093683572, 28.714299964449523 ], [ 77.30252039439182, 28.713861043013193 ] ] ] } },
{ "type": "Feature", "properties": { "zone_id": "Z-09-19", "impact_mean": 29.050192339548325, "impact_max": 67.0693359375, "impact_std": 13.760301927736922, "impact_count": 54331, "priority": "LOW", "rank": 47 }, "geometry": { "type": "Polygon", "coordinates": [ [ [ 77.098074180628885, 28.863387532812055 ], [ 77.098563829769347, 28.887746203576221 ], [ 77.07259777147668, 28.888148241511974 ], [ 77.072114170251666, 28.863789168689959 ], [ 77.098074180628885, 28.863387532812055 ] ] ] } },
{ "type": "Feature", "properties": { "zone_id": "Z-04-14", "impact_mean": 27.728674540682416, "impact_max": 71.021598815917969, "impact_std": 12.717452702416848, "impact_count": 68580, "priority": "LOW", "rank": 48 }, "geometry": { "type": "Polygon", "coordinates": [ [ [ 76.96598042021462, 28.743541198791696 ], [ 76.96643698910863, 28.767902303121463 ], [ 76.94049853944135, 28.768277461769642 ], [ 76.940047983685318, 28.743915981219914 ], [ 76.96598042021462, 28.743541198791696 ] ] ] } },
{ "type": "Feature", "properties": { "zone_id": "Z-04-15", "impact_mean": 27.429793514656641, "impact_max": 68.465705871582031, "impact_std": 14.06025345736662, "impact_count": 68092, "priority": "LOW", "rank": 49 }, "geometry": { "type": "Polygon", "coordinates": [ [ [ 76.96643698910863, 28.767902303121463 ], [ 76.966894123993086, 28.792263312917232 ], [ 76.940949653740063, 28.792638847955846 ], [ 76.94049853944135, 28.768277461769642 ], [ 76.96643698910863, 28.767902303121463 ] ] ] } },
{ "type": "Feature", "properties": { "zone_id": "Z-16-03", "impact_mean": 26.025461254612548, "impact_max": 67.318603515625, "impact_std": 19.248497449143734, "impact_count": 42005, "priority": "LOW", "rank": 50 }, "geometry": { "type": "Polygon", "coordinates": [ [ [ 77.271356482980309, 28.470731683579764 ], [ 77.271878003521479, 28.495088944800681 ], [ 77.24601163190566, 28.49551899224122 ], [ 77.245496036878137, 28.471161297149504 ], [ 77.271356482980309, 28.470731683579764 ] ] ] } },
{ "type": "Feature", "properties": { "zone_id": "Z-00-06", "impact_mean": 25.960481627872934, "impact_max": 67.595344543457031, "impact_std": 11.144674267054828, "impact_count": 68310, "priority": "LOW", "rank": 51 }, "geometry": { "type": "Polygon", "coordinates": [ [ [ 76.858806885798657, 28.550106498942412 ], [ 76.859235128610379, 28.574469827138966 ], [ 76.833342664129148, 28.57482223716908 ], [ 76.832920377002537, 28.550458553985095 ], [ 76.858806885798657, 28.550106498942412 ] ] ] } },
{ "type": "Feature", "properties": { "zone_id": "Z-12-07", "impact_mean": 25.757378244386118, "impact_max": 57.255481719970703, "impact_std": 19.705664530389939, "impact_count": 68580, "priority": "LOW", "rank": 52 }, "geometry": { "type": "Polygon", "coordinates": [ [ [ 77.169906319470329, 28.569855965216874 ], [ 77.170406613668163, 28.594214550516504 ], [ 77.144514240144261, 28.594626589328229 ], [ 77.144019903107278, 28.570267589243166 ], [ 77.169906319470329, 28.569855965216874 ] ] ] } },
{ "type": "Feature", "properties": { "zone_id": "Z-16-01", "impact_mean": 25.677108134920633, "impact_max": 47.409759521484375, "impact_std": 17.942114662014887, "impact_count": 15120, "priority": "LOW", "rank": 53 }, "geometry": { "type": "Polygon", "coordinates": [ [ [ 77.270315384194106, 28.422016873109143 ], [ 77.270835610081278, 28.446374326329003 ], [ 77.244981082142658, 28.446803506221901 ], [ 77.244466767076077, 28.422445619518857 ], [ 77.270315384194106, 28.422016873109143 ] ] ] } },
{ "type": "Feature", "properties": { "zone_id": "Z-01-05", "impact_mean": 24.220574511519395, "impact_max": 65.59112548828125, "impact_std": 11.704579292359409, "impact_count": 68580, "priority": "VERY LOW", "rank": 54 }, "geometry": { "type": "Polygon", "coordinates": [ [ [ 76.884259267642335, 28.525386450705017 ], [ 76.88469292681286, 28.549749512466352 ], [ 76.858806885798657, 28.550106498942412 ], [ 76.858379174470826, 28.525743077385034 ], [ 76.884259267642335, 28.525386450705017 ] ] ] } },
{ "type": "Feature", "properties": { "zone_id": "Z-05-17", "impact_mean": 24.198424614313382, "impact_max": 69.690299987792969, "impact_std": 14.384641529841312, "impact_count": 45957, "priority": "VERY LOW", "rank": 55 }, "geometry": { "type": "Polygon", "coordinates": [ [ [ 76.993301824584691, 28.816243331663539 ], [ 76.993766128133956, 28.840603770495782 ], [ 76.967810093963521, 28.840985048679581 ], [ 76.967351825425297, 28.816624228122212 ], [ 76.993301824584691, 28.816243331663539 ] ] ] } },
{ "type": "Feature", "properties": { "zone_id": "Z-08-14", "impact_mean": 23.587803762260283, "impact_max": 76.899215698242188, "impact_std": 21.478027303706877, "impact_count": 68310, "priority": "VERY LOW", "rank": 56 }, "geometry": { "type": "Polygon", "coordinates": [ [ [ 77.069705124226232, 28.741992373692053 ], [ 77.070185740711651, 28.766351923284009 ], [ 77.044249322977961, 28.766746979315158 ], [ 77.043774717633468, 28.742387033560988 ], [ 77.069705124226232, 28.741992373692053 ] ] ] } },
{ "type": "Feature", "properties": { "zone_id": "Z-03-04", "impact_mean": 23.50652905870297, "impact_max": 56.636863708496094, "impact_std": 13.803698423189626, "impact_count": 68310, "priority": "VERY LOW", "rank": 57 }, "geometry": { "type": "Polygon", "coordinates": [ [ [ 76.935573025671189, 28.500295998211232 ], [ 76.936018026035896, 28.524658419273493 ], [ 76.910138886994972, 28.525024897889615 ], [ 76.909699826164612, 28.500662107262531 ], [ 76.935573025671189, 28.500295998211232 ] ] ] } },
{ "type": "Feature", "properties": { "zone_id": "Z-05-04", "impact_mean": 22.336392677436439, "impact_max": 53.742988586425781, "impact_std": 16.232019256818599, "impact_count": 30208, "priority": "VERY LOW", "rank": 58 }, "geometry": { "type": "Polygon", "coordinates": [ [ [ 76.987317959212021, 28.49954901896043 ], [ 76.987774837214957, 28.523910686000345 ], [ 76.961896678273007, 28.524287015195821 ], [ 76.961445738848667, 28.499924968662764 ], [ 76.987317959212021, 28.49954901896043 ] ] ] } },
{ "type": "Feature", "properties": { "zone_id": "Z-01-07", "impact_mean": 21.70346310877807, "impact_max": 71.542091369628906, "impact_std": 11.609004885837544, "impact_count": 68580, "priority": "VERY LOW", "rank": 59 }, "geometry": { "type": "Polygon", "coordinates": [ [ [ 76.885127124852289, 28.574112480705335 ], [ 76.885561862287489, 28.598475355365444 ], [ 76.859663903425641, 28.598833061918405 ], [ 76.859235128610379, 28.574469827138966 ], [ 76.885127124852289, 28.574112480705335 ] ] ] } },
{ "type": "Feature", "properties": { "zone_id": "Z-15-03", "impact_mean": 21.616116214639838, "impact_max": 67.329216003417969, "impact_std": 19.242140408198416, "impact_count": 68580, "priority": "VERY LOW", "rank": 60 }, "geometry": { "type": "Polygon", "coordinates": [ [ [ 77.245496036878137, 28.471161297149504 ], [ 77.24601163190566, 28.49551899224122 ], [ 77.220144696191724, 28.495944123603408 ], [ 77.21963502722727, 28.471585999597298 ], [ 77.245496036878137, 28.471161297149504 ] ] ] } },
{ "type": "Feature", "properties": { "zone_id": "Z-02-04", "impact_mean": 21.341505636070853, "impact_max": 64.564605712890625, "impact_std": 12.644208932245698, "impact_count": 68310, "priority": "VERY LOW", "rank": 61 }, "geometry": { "type": "Polygon", "coordinates": [ [ [ 76.909699826164612, 28.500662107262531 ], [ 76.910138886994972, 28.525024897889615 ], [ 76.884259267642335, 28.525386450705017 ], [ 76.883826146814755, 28.501023295477925 ], [ 76.909699826164612, 28.500662107262531 ] ] ] } },
{ "type": "Feature", "properties": { "zone_id": "Z-08-18", "impact_mean": 21.08862172449129, "impact_max": 70.541343688964844, "impact_std": 11.06534818540962, "impact_count": 68310, "priority": "VERY LOW", "rank": 62 }, "geometry": { "type": "Polygon", "coordinates": [ [ [ 77.071631167151793, 28.839430000398394 ], [ 77.072114170251666, 28.863789168689959 ], [ 77.046153633438678, 28.864185811167243 ], [ 77.045676671300598, 28.839826245994015 ], [ 77.071631167151793, 28.839430000398394 ] ] ] } },
{ "type": "Feature", "properties": { "zone_id": "Z-15-01", "impact_mean": 20.856379282563598, "impact_max": 59.072113037109375, "impact_std": 20.361909195334807, "impact_count": 49649, "priority": "VERY LOW", "rank": 63 }, "geometry": { "type": "Polygon", "coordinates": [ [ [ 77.244466767076077, 28.422445619518857 ], [ 77.244981082142658, 28.446803506221901 ], [ 77.219125991203796, 28.447227779947028 ], [ 77.218617587505307, 28.422869464712782 ], [ 77.244466767076077, 28.422445619518857 ] ] ] } },
{ "type": "Feature", "properties": { "zone_id": "Z-05-13", "impact_mean": 20.766773876776416, "impact_max": 70.503395080566406, "impact_std": 8.0403448887803268, "impact_count": 45316, "priority": "VERY LOW", "rank": 64 }, "geometry": { "type": "Polygon", "coordinates": [ [ [ 76.991450350412293, 28.718800628697 ], [ 76.991912359080899, 28.743161446470101 ], [ 76.96598042021462, 28.743541198791696 ], [ 76.965524416754761, 28.719179999984817 ], [ 76.991450350412293, 28.718800628697 ] ] ] } },
{ "type": "Feature", "properties": { "zone_id": "Z-03-08", "impact_mean": 20.508208900600206, "impact_max": 71.568038940429688, "impact_std": 10.806128471600827, "impact_count": 68310, "priority": "VERY LOW", "rank": 65 }, "geometry": { "type": "Polygon", "coordinates": [ [ [ 76.937356347869141, 28.597745119462022 ], [ 76.937803563864222, 28.622107165002017 ], [ 76.911900592852078, 28.622475123537214 ], [ 76.911459345939278, 28.598112707767996 ], [ 76.937356347869141, 28.597745119462022 ] ] ] } },
{ "type": "Feature", "properties": { "zone_id": "Z-13-16", "impact_mean": 20.199956082564778, "impact_max": 66.697608947753906, "impact_std": 11.03089497987175, "impact_count": 68310, "priority": "VERY LOW", "rank": 66 }, "geometry": { "type": "Polygon", "coordinates": [ [ [ 77.200371130200224, 28.788659446869676 ], [ 77.20088306111542, 28.813016748496636 ], [ 77.174937291385902, 28.813437510702769 ], [ 77.174431383857339, 28.789079787614916 ], [ 77.200371130200224, 28.788659446869676 ] ] ] } },
{ "type": "Feature", "properties": { "zone_id": "Z-02-07", "impact_mean": 20.149882886839407, "impact_max": 70.905838012695312, "impact_std": 10.72790362327147, "impact_count": 68310, "priority": "VERY LOW", "rank": 67 }, "geometry": { "type": "Polygon", "coordinates": [ [ [ 76.911018646348694, 28.573750198199157 ], [ 76.911459345939278, 28.598112707767996 ], [ 76.885561862287489, 28.598475355365444 ], [ 76.885127124852289, 28.574112480705335 ], [ 76.911018646348694, 28.573750198199157 ] ] ] } },
{ "type": "Feature", "properties": { "zone_id": "Z-06-12", "impact_mean": 20.003403601229689, "impact_max": 67.882179260253906, "impact_std": 10.335963222824105, "impact_count": 68310, "priority": "VERY LOW", "rank": 68 }, "geometry": { "type": "Polygon", "coordinates": [ [ [ 77.016908346714516, 28.694055766329129 ], [ 77.017375780354058, 28.718416292851746 ], [ 76.991450350412293, 28.718800628697 ], [ 76.990988914054853, 28.694439716331516 ], [ 77.016908346714516, 28.694055766329129 ] ] ] } },
{ "type": "Feature", "properties": { "zone_id": "Z-04-13", "impact_mean": 19.962731306646525, "impact_max": 68.38470458984375, "impact_std": 19.130420428344578, "impact_count": 8606, "priority": "VERY LOW", "rank": 69 }, "geometry": { "type": "Polygon", "coordinates": [ [ [ 76.965524416754761, 28.719179999984817 ], [ 76.96598042021462, 28.743541198791696 ], [ 76.940047983685318, 28.743915981219914 ], [ 76.939597985922958, 28.719554406363283 ], [ 76.965524416754761, 28.719179999984817 ] ] ] } },
{ "type": "Feature", "properties": { "zone_id": "Z-02-08", "impact_mean": 19.640003293807641, "impact_max": 75.081871032714844, "impact_std": 8.0349377441510867, "impact_count": 68310, "priority": "VERY LOW", "rank": 70 }, "geometry": { "type": "Polygon", "coordinates": [ [ [ 76.911459345939278, 28.598112707767996 ], [ 76.911900592852078, 28.622475123537214 ], [ 76.885997139646292, 28.622838136390165 ], [ 76.885561862287489, 28.598475355365444 ], [ 76.911459345939278, 28.598112707767996 ] ] ] } },
{ "type": "Feature", "properties": { "zone_id": "Z-04-04", "impact_mean": 19.604265091863518, "impact_max": 59.902835845947266, "impact_std": 11.190519689903722, "impact_count": 68580, "priority": "VERY LOW", "rank": 71 }, "geometry": { "type": "Polygon", "coordinates": [ [ [ 76.961445738848667, 28.499924968662764 ], [ 76.961896678273007, 28.524287015195821 ], [ 76.936018026035896, 28.524658419273493 ], [ 76.935573025671189, 28.500295998211232 ], [ 76.961445738848667, 28.499924968662764 ] ] ] } },
{ "type": "Feature", "properties": { "zone_id": "Z-05-15", "impact_mean": 19.555165680560247, "impact_max": 67.272262573242188, "impact_std": 6.6049543474496391, "impact_count": 68113, "priority": "VERY LOW", "rank": 72 }, "geometry": { "type": "Polygon", "coordinates": [ [ [ 76.992374940623264, 28.76752216959364 ], [ 76.992838095602991, 28.791882798010484 ], [ 76.966894123993086, 28.792263312917232 ], [ 76.96643698910863, 28.767902303121463 ], [ 76.992374940623264, 28.76752216959364 ] ] ] } },
{ "type": "Feature", "properties": { "zone_id": "Z-05-12", "impact_mean": 19.393480389910884, "impact_max": 71.833930969238281, "impact_std": 15.829893906211867, "impact_count": 43651, "priority": "VERY LOW", "rank": 73 }, "geometry": { "type": "Polygon", "coordinates": [ [ [ 76.990988914054853, 28.694439716331516 ], [ 76.991450350412293, 28.718800628697 ], [ 76.965524416754761, 28.719179999984817 ], [ 76.965068978173733, 28.694818706757768 ], [ 76.990988914054853, 28.694439716331516 ] ] ] } },
{ "type": "Feature", "properties": { "zone_id": "Z-03-06", "impact_mean": 19.117746303615871, "impact_max": 71.020530700683594, "impact_std": 8.1092419848790875, "impact_count": 68310, "priority": "VERY LOW", "rank": 74 }, "geometry": { "type": "Polygon", "coordinates": [ [ [ 76.936463579496746, 28.549020746540752 ], [ 76.936909686594063, 28.573382979955937 ], [ 76.911018646348694, 28.573750198199157 ], [ 76.910578493545273, 28.549387594887435 ], [ 76.936463579496746, 28.549020746540752 ] ] ] } },
{ "type": "Feature", "properties": { "zone_id": "Z-04-06", "impact_mean": 18.948348643919509, "impact_max": 70.4464111328125, "impact_std": 11.606866344925912, "impact_count": 68580, "priority": "VERY LOW", "rank": 75 }, "geometry": { "type": "Polygon", "coordinates": [ [ [ 76.962348178168824, 28.548648967765928 ], [ 76.962800239083663, 28.573010826315763 ], [ 76.936909686594063, 28.573382979955937 ], [ 76.936463579496746, 28.549020746540752 ], [ 76.962348178168824, 28.548648967765928 ] ] ] } },
{ "type": "Feature", "properties": { "zone_id": "Z-09-04", "impact_mean": 18.622566257826573, "impact_max": 51.025177001953125, "impact_std": 19.804076134499756, "impact_count": 23318, "priority": "VERY LOW", "rank": 76 }, "geometry": { "type": "Polygon", "coordinates": [ [ [ 77.090801782849567, 28.497996025636912 ], [ 77.091282410230264, 28.522356125074172 ], [ 77.065406289367473, 28.522752151212618 ], [ 77.064931598578099, 28.498391652431113 ], [ 77.090801782849567, 28.497996025636912 ] ] ] } },
{ "type": "Feature", "properties": { "zone_id": "Z-05-14", "impact_mean": 18.524890206411946, "impact_max": 68.964836120605469, "impact_std": 9.9446474794407163, "impact_count": 68310, "priority": "VERY LOW", "rank": 77 }, "geometry": { "type": "Polygon", "coordinates": [ [ [ 76.991912359080899, 28.743161446470101 ], [ 76.992374940623264, 28.76752216959364 ], [ 76.96643698910863, 28.767902303121463 ], [ 76.96598042021462, 28.743541198791696 ], [ 76.991912359080899, 28.743161446470101 ] ] ] } },
{ "type": "Feature", "properties": { "zone_id": "Z-09-06", "impact_mean": 18.336393627879847, "impact_max": 88.085105895996094, "impact_std": 25.152563203498481, "impact_count": 68580, "priority": "VERY LOW", "rank": 78 }, "geometry": { "type": "Polygon", "coordinates": [ [ [ 77.091763634946176, 28.546716129675488 ], [ 77.092245457580745, 28.571076039382252 ], [ 77.066357441415164, 28.571472864746546 ], [ 77.065881570121064, 28.547112555337218 ], [ 77.091763634946176, 28.546716129675488 ] ] ] } },
{ "type": "Feature", "properties": { "zone_id": "Z-08-06", "impact_mean": 18.312073634899722, "impact_max": 71.620536804199219, "impact_std": 25.117296203441597, "impact_count": 68310, "priority": "VERY LOW", "rank": 79 }, "geometry": { "type": "Polygon", "coordinates": [ [ [ 77.065881570121064, 28.547112555337218 ], [ 77.066357441415164, 28.571472864746546 ], [ 77.040468904981324, 28.571864756482633 ], [ 77.03999898553576, 28.547504052337239 ], [ 77.065881570121064, 28.547112555337218 ] ] ] } },
{ "type": "Feature", "properties": { "zone_id": "Z-11-17", "impact_mean": 17.983084467867076, "impact_max": 85.09429931640625, "impact_std": 16.539983804613207, "impact_count": 68310, "priority": "VERY LOW", "rank": 80 }, "geometry": { "type": "Polygon", "coordinates": [ [ [ 77.148990970006352, 28.813853291009437 ], [ 77.149491472923344, 28.838211334663733 ], [ 77.123538574533271, 28.838622544358209 ], [ 77.123044103538334, 28.814264089030587 ], [ 77.148990970006352, 28.813853291009437 ] ] ] } },
{ "type": "Feature", "properties": { "zone_id": "Z-12-17", "impact_mean": 17.808078156897054, "impact_max": 79.434249877929688, "impact_std": 12.357977440430238, "impact_count": 68580, "priority": "VERY LOW", "rank": 81 }, "geometry": { "type": "Polygon", "coordinates": [ [ [ 77.174937291385902, 28.813437510702769 ], [ 77.175443825687566, 28.837795137694059 ], [ 77.149491472923344, 28.838211334663733 ], [ 77.148990970006352, 28.813853291009437 ], [ 77.174937291385902, 28.813437510702769 ] ] ] } },
{ "type": "Feature", "properties": { "zone_id": "Z-09-14", "impact_mean": 17.798618401866435, "impact_max": 74.42376708984375, "impact_std": 19.325419581190264, "impact_count": 68580, "priority": "VERY LOW", "rank": 82 }, "geometry": { "type": "Polygon", "coordinates": [ [ [ 77.095635006968948, 28.74159274536693 ], [ 77.096121634079992, 28.765951893812307 ], [ 77.070185740711651, 28.766351923284009 ], [ 77.069705124226232, 28.741992373692053 ], [ 77.095635006968948, 28.74159274536693 ] ] ] } },
{ "type": "Feature", "properties": { "zone_id": "Z-09-15", "impact_mean": 17.72775226013415, "impact_max": 62.756294250488281, "impact_std": 15.31328937394877, "impact_count": 68580, "priority": "VERY LOW", "rank": 83 }, "geometry": { "type": "Polygon", "coordinates": [ [ [ 77.096121634079992, 28.765951893812307 ], [ 77.096608864407159, 28.790310946837607 ], [ 77.070666952969873, 28.790711377637628 ], [ 77.070185740711651, 28.766351923284009 ], [ 77.096121634079992, 28.765951893812307 ] ] ] } },
{ "type": "Feature", "properties": { "zone_id": "Z-04-07", "impact_mean": 17.593341717701954, "impact_max": 69.962203979492188, "impact_std": 9.998206030530449, "impact_count": 68580, "priority": "VERY LOW", "rank": 84 }, "geometry": { "type": "Polygon", "coordinates": [ [ [ 76.962800239083663, 28.573010826315763 ], [ 76.963252861565977, 28.597372590788048 ], [ 76.937356347869141, 28.597745119462022 ], [ 76.936909686594063, 28.573382979955937 ], [ 76.962800239083663, 28.573010826315763 ] ] ] } },
{ "type": "Feature", "properties": { "zone_id": "Z-15-09", "impact_mean": 17.47764912688497, "impact_max": 81.623985290527344, "impact_std": 21.727855432771438, "impact_count": 68834, "priority": "VERY LOW", "rank": 85 }, "geometry": { "type": "Polygon", "coordinates": [ [ [ 77.24859923331104, 28.617306028049462 ], [ 77.249118683238578, 28.64166314685928 ], [ 77.223216036372918, 28.642090855750485 ], [ 77.222702556765299, 28.617733306869805 ], [ 77.24859923331104, 28.617306028049462 ] ] ] } },
{ "type": "Feature", "properties": { "zone_id": "Z-09-17", "impact_mean": 17.446438466025079, "impact_max": 74.561279296875, "impact_std": 22.685840187425505, "impact_count": 68580, "priority": "VERY LOW", "rank": 86 }, "geometry": { "type": "Polygon", "coordinates": [ [ [ 77.097096698544249, 28.814669904384729 ], [ 77.097585137086185, 28.83902876639555 ], [ 77.071631167151793, 28.839430000398394 ], [ 77.071148761587381, 28.815070736695034 ], [ 77.097096698544249, 28.814669904384729 ] ] ] } },
{ "type": "Feature", "properties": { "zone_id": "Z-03-07", "impact_mean": 17.392856097203925, "impact_max": 70.446815490722656, "impact_std": 9.4486883482281421, "impact_count": 68310, "priority": "VERY LOW", "rank": 87 }, "geometry": { "type": "Polygon", "coordinates": [ [ [ 76.936909686594063, 28.573382979955937 ], [ 76.937356347869141, 28.597745119462022 ], [ 76.911459345939278, 28.598112707767996 ], [ 76.911018646348694, 28.573750198199157 ], [ 76.936909686594063, 28.573382979955937 ] ] ] } },
{ "type": "Feature", "properties": { "zone_id": "Z-02-06", "impact_mean": 17.370300834431269, "impact_max": 67.93841552734375, "impact_std": 8.2810313456899518, "impact_count": 68310, "priority": "VERY LOW", "rank": 88 }, "geometry": { "type": "Polygon", "coordinates": [ [ [ 76.910578493545273, 28.549387594887435 ], [ 76.911018646348694, 28.573750198199157 ], [ 76.885127124852289, 28.574112480705335 ], [ 76.88469292681286, 28.549749512466352 ], [ 76.910578493545273, 28.549387594887435 ] ] ] } },
{ "type": "Feature", "properties": { "zone_id": "Z-07-17", "impact_mean": 17.362780694079905, "impact_max": 62.832538604736328, "impact_std": 11.694946741187788, "impact_count": 68580, "priority": "VERY LOW", "rank": 89 }, "geometry": { "type": "Polygon", "coordinates": [ [ [ 77.045200299231794, 28.815466585589256 ], [ 77.045676671300598, 28.839826245994015 ], [ 77.01972165610394, 28.840217502814301 ], [ 77.019251318042336, 28.815857450699763 ], [ 77.045200299231794, 28.815466585589256 ] ] ] } },
{ "type": "Feature", "properties": { "zone_id": "Z-05-09", "impact_mean": 17.325160583714005, "impact_max": 75.616493225097656, "impact_std": 15.152067300144612, "impact_count": 64141, "priority": "VERY LOW", "rank": 90 }, "geometry": { "type": "Polygon", "coordinates": [ [ [ 76.989608033238369, 28.621356412253341 ], [ 76.990067756028012, 28.645717608052376 ], [ 76.964159793431833, 28.646095837271076 ], [ 76.963706046165228, 28.621734261125546 ], [ 76.989608033238369, 28.621356412253341 ] ] ] } },
{ "type": "Feature", "properties": { "zone_id": "Z-12-18", "impact_mean": 17.266605392156862, "impact_max": 59.1787109375, "impact_std": 16.573069373287094, "impact_count": 4590, "priority": "VERY LOW", "rank": 91 }, "geometry": { "type": "Polygon", "coordinates": [ [ [ 77.175443825687566, 28.837795137694059 ], [ 77.175950987380205, 28.862152668529887 ], [ 77.149992595768893, 28.862569282351878 ], [ 77.149491472923344, 28.838211334663733 ], [ 77.175443825687566, 28.837795137694059 ] ] ] } },
{ "type": "Feature", "properties": { "zone_id": "Z-04-09", "impact_mean": 17.235041587317088, "impact_max": 72.39849853515625, "impact_std": 16.249340816130665, "impact_count": 61437, "priority": "VERY LOW", "rank": 92 }, "geometry": { "type": "Polygon", "coordinates": [ [ [ 76.963706046165228, 28.621734261125546 ], [ 76.964159793431833, 28.646095837271076 ], [ 76.938251335122487, 28.646469116518997 ], [ 76.937803563864222, 28.622107165002017 ], [ 76.963706046165228, 28.621734261125546 ] ] ] } },
{ "type": "Feature", "properties": { "zone_id": "Z-13-09", "impact_mean": 17.186882866852383, "impact_max": 64.458099365234375, "impact_std": 20.618232155337818, "impact_count": 68563, "priority": "VERY LOW", "rank": 93 }, "geometry": { "type": "Polygon", "coordinates": [ [ [ 77.196805319867607, 28.618155644400922 ], [ 77.1973128286064, 28.64251361838226 ], [ 77.171409066454103, 28.642931434362897 ], [ 77.170907529126708, 28.618573040251615 ], [ 77.196805319867607, 28.618155644400922 ] ] ] } },
{ "type": "Feature", "properties": { "zone_id": "Z-12-15", "impact_mean": 17.07892242636337, "impact_max": 72.154464721679688, "impact_std": 16.101349586376053, "impact_count": 68580, "priority": "VERY LOW", "rank": 94 }, "geometry": { "type": "Polygon", "coordinates": [ [ [ 77.173926102484998, 28.764721968489404 ], [ 77.174431383857339, 28.789079787614916 ], [ 77.14849108640729, 28.789495151447586 ], [ 77.147991821516626, 28.765136916036823 ], [ 77.173926102484998, 28.764721968489404 ] ] ] } },
{ "type": "Feature", "properties": { "zone_id": "Z-05-05", "impact_mean": 16.757953253210847, "impact_max": 67.381988525390625, "impact_std": 11.571304495710233, "impact_count": 44848, "priority": "VERY LOW", "rank": 95 }, "geometry": { "type": "Polygon", "coordinates": [ [ [ 76.987774837214957, 28.523910686000345 ], [ 76.988232283063866, 28.548272258907151 ], [ 76.962348178168824, 28.548648967765928 ], [ 76.961896678273007, 28.524287015195821 ], [ 76.987774837214957, 28.523910686000345 ] ] ] } },
{ "type": "Feature", "properties": { "zone_id": "Z-08-17", "impact_mean": 16.751295564339042, "impact_max": 65.157630920410156, "impact_std": 12.48044036700883, "impact_count": 68310, "priority": "VERY LOW", "rank": 96 }, "geometry": { "type": "Polygon", "coordinates": [ [ [ 77.071148761587381, 28.815070736695034 ], [ 77.071631167151793, 28.839430000398394 ], [ 77.045676671300598, 28.839826245994015 ], [ 77.045200299231794, 28.815466585589256 ], [ 77.071148761587381, 28.815070736695034 ] ] ] } },
{ "type": "Feature", "properties": { "zone_id": "Z-04-05", "impact_mean": 16.692732939632545, "impact_max": 73.123100280761719, "impact_std": 10.159545193889491, "impact_count": 68580, "priority": "VERY LOW", "rank": 97 }, "geometry": { "type": "Polygon", "coordinates": [ [ [ 76.961896678273007, 28.524287015195821 ], [ 76.962348178168824, 28.548648967765928 ], [ 76.936463579496746, 28.549020746540752 ], [ 76.936018026035896, 28.524658419273493 ], [ 76.961896678273007, 28.524287015195821 ] ] ] } },
{ "type": "Feature", "properties": { "zone_id": "Z-05-07", "impact_mean": 16.67420582637974, "impact_max": 71.470504760742188, "impact_std": 13.803477593756595, "impact_count": 68310, "priority": "VERY LOW", "rank": 98 }, "geometry": { "type": "Polygon", "coordinates": [ [ [ 76.988690297313454, 28.572633737623264 ], [ 76.989148880519394, 28.596995122091158 ], [ 76.963252861565977, 28.597372590788048 ], [ 76.962800239083663, 28.573010826315763 ], [ 76.988690297313454, 28.572633737623264 ] ] ] } },
{ "type": "Feature", "properties": { "zone_id": "Z-13-17", "impact_mean": 16.666959449568147, "impact_max": 70.467636108398438, "impact_std": 9.7429856437950271, "impact_count": 68310, "priority": "VERY LOW", "rank": 99 }, "geometry": { "type": "Polygon", "coordinates": [ [ [ 77.20088306111542, 28.813016748496636 ], [ 77.201395626257835, 28.837373953835762 ], [ 77.175443825687566, 28.837795137694059 ], [ 77.174937291385902, 28.813437510702769 ], [ 77.20088306111542, 28.813016748496636 ] ] ] } },
{ "type": "Feature", "properties": { "zone_id": "Z-06-14", "impact_mean": 16.659676474893867, "impact_max": 64.169143676757812, "impact_std": 9.3125296865009979, "impact_count": 68310, "priority": "VERY LOW", "rank": 100 }, "geometry": { "type": "Polygon", "coordinates": [ [ [ 77.017843793736219, 28.742776724607534 ], [ 77.018312387430896, 28.767137061539053 ], [ 76.992374940623264, 28.76752216959364 ], [ 76.991912359080899, 28.743161446470101 ], [ 77.017843793736219, 28.742776724607534 ] ] ] } },
{ "type": "Feature", "properties": { "zone_id": "Z-14-01", "impact_mean": 16.55430058396113, "impact_max": 78.652877807617188, "impact_std": 22.825271784684276, "impact_count": 44866, "priority": "VERY LOW", "rank": 101 }, "geometry": { "type": "Polygon", "coordinates": [ [ [ 77.218617587505307, 28.422869464712782 ], [ 77.219125991203796, 28.447227779947028 ], [ 77.193270343728415, 28.447647147112242 ], [ 77.192767851939195, 28.423288408299292 ], [ 77.218617587505307, 28.422869464712782 ] ] ] } },
{ "type": "Feature", "properties": { "zone_id": "Z-06-15", "impact_mean": 16.50694261455131, "impact_max": 66.145225524902344, "impact_std": 8.2323323927136851, "impact_count": 68310, "priority": "VERY LOW", "rank": 102 }, "geometry": { "type": "Polygon", "coordinates": [ [ [ 77.018312387430896, 28.767137061539053 ], [ 77.018781562008954, 28.791497303588905 ], [ 76.992838095602991, 28.791882798010484 ], [ 76.992374940623264, 28.76752216959364 ], [ 77.018312387430896, 28.767137061539053 ] ] ] } },
{ "type": "Feature", "properties": { "zone_id": "Z-12-16", "impact_mean": 16.361544911052786, "impact_max": 77.14642333984375, "impact_std": 13.958366274869389, "impact_count": 68580, "priority": "VERY LOW", "rank": 103 }, "geometry": { "type": "Polygon", "coordinates": [ [ [ 77.174431383857339, 28.789079787614916 ], [ 77.174937291385902, 28.813437510702769 ], [ 77.148990970006352, 28.813853291009437 ], [ 77.14849108640729, 28.789495151447586 ], [ 77.174431383857339, 28.789079787614916 ] ] ] } },
{ "type": "Feature", "properties": { "zone_id": "Z-04-08", "impact_mean": 16.284179060950713, "impact_max": 72.428314208984375, "impact_std": 13.291660274857064, "impact_count": 68580, "priority": "VERY LOW", "rank": 104 }, "geometry": { "type": "Polygon", "coordinates": [ [ [ 76.963252861565977, 28.597372590788048 ], [ 76.963706046165228, 28.621734261125546 ], [ 76.937803563864222, 28.622107165002017 ], [ 76.937356347869141, 28.597745119462022 ], [ 76.963252861565977, 28.597372590788048 ] ] ] } },
{ "type": "Feature", "properties": { "zone_id": "Z-14-02", "impact_mean": 15.999716366564193, "impact_max": 63.236015319824219, "impact_std": 17.813537736002061, "impact_count": 68310, "priority": "VERY LOW", "rank": 105 }, "geometry": { "type": "Polygon", "coordinates": [ [ [ 77.219125991203796, 28.447227779947028 ], [ 77.21963502722727, 28.471585999597298 ], [ 77.193773460497709, 28.472005790530471 ], [ 77.193270343728415, 28.447647147112242 ], [ 77.219125991203796, 28.447227779947028 ] ] ] } },
{ "type": "Feature", "properties": { "zone_id": "Z-07-14", "impact_mean": 15.964570574511519, "impact_max": 63.3125, "impact_std": 9.0933702323821084, "impact_count": 68580, "priority": "VERY LOW", "rank": 106 }, "geometry": { "type": "Polygon", "coordinates": [ [ [ 77.043774717633468, 28.742387033560988 ], [ 77.044249322977961, 28.766746979315158 ], [ 77.018312387430896, 28.767137061539053 ], [ 77.017843793736219, 28.742776724607534 ], [ 77.043774717633468, 28.742387033560988 ] ] ] } },
{ "type": "Feature", "properties": { "zone_id": "Z-10-04", "impact_mean": 15.931399136290441, "impact_max": 67.878837585449219, "impact_std": 18.925475778640408, "impact_count": 68310, "priority": "VERY LOW", "rank": 107 }, "geometry": { "type": "Polygon", "coordinates": [ [ [ 77.116671441893104, 28.497595480473333 ], [ 77.11715800535255, 28.521955175604749 ], [ 77.091282410230264, 28.522356125074172 ], [ 77.090801782849567, 28.497996025636912 ], [ 77.116671441893104, 28.497595480473333 ] ] ] } },
{ "type": "Feature", "properties": { "zone_id": "Z-10-16", "impact_mean": 15.893712487190749, "impact_max": 64.384170532226562, "impact_std": 11.95729007821668, "impact_count": 68310, "priority": "VERY LOW", "rank": 108 }, "geometry": { "type": "Polygon", "coordinates": [ [ [ 77.122550244405232, 28.789905537982136 ], [ 77.123044103538334, 28.814264089030587 ], [ 77.097096698544249, 28.814669904384729 ], [ 77.096608864407159, 28.790310946837607 ], [ 77.122550244405232, 28.789905537982136 ] ] ] } },
{ "type": "Feature", "properties": { "zone_id": "Z-14-15", "impact_mean": 15.8192312803136, "impact_max": 54.524261474609375, "impact_std": 10.521010595277453, "impact_count": 15051, "priority": "VERY LOW", "rank": 109 }, "geometry": { "type": "Polygon", "coordinates": [ [ [ 77.225793006178208, 28.763877158000522 ], [ 77.226310318881673, 28.78823412960206 ], [ 77.200371130200224, 28.788659446869676 ], [ 77.199859832888151, 28.764302049014077 ], [ 77.225793006178208, 28.763877158000522 ] ] ] } },
{ "type": "Feature", "properties": { "zone_id": "Z-07-15", "impact_mean": 15.813699329250511, "impact_max": 78.806594848632812, "impact_std": 9.4537651943364267, "impact_count": 68580, "priority": "VERY LOW", "rank": 110 }, "geometry": { "type": "Polygon", "coordinates": [ [ [ 77.044249322977961, 28.766746979315158 ], [ 77.044724516650987, 28.791106830010442 ], [ 77.018781562008954, 28.791497303588905 ], [ 77.018312387430896, 28.767137061539053 ], [ 77.044249322977961, 28.766746979315158 ] ] ] } },
{ "type": "Feature", "properties": { "zone_id": "Z-06-06", "impact_mean": 15.78986422192944, "impact_max": 70.196586608886719, "impact_std": 15.323140999328499, "impact_count": 68310, "priority": "VERY LOW", "rank": 111 }, "geometry": { "type": "Polygon", "coordinates": [ [ [ 77.014115887684895, 28.547890620313158 ], [ 77.014579854780166, 28.57225171422764 ], [ 76.988690297313454, 28.572633737623264 ], [ 76.988232283063866, 28.548272258907151 ], [ 77.014115887684895, 28.547890620313158 ] ] ] } },
{ "type": "Feature", "properties": { "zone_id": "Z-06-17", "impact_mean": 15.443712487190748, "impact_max": 65.692497253417969, "impact_std": 7.929960316905607, "impact_count": 68310, "priority": "VERY LOW", "rank": 112 }, "geometry": { "type": "Polygon", "coordinates": [ [ [ 77.019251318042336, 28.815857450699763 ], [ 77.01972165610394, 28.840217502814301 ], [ 76.993766128133956, 28.840603770495782 ], [ 76.993301824584691, 28.816243331663539 ], [ 77.019251318042336, 28.815857450699763 ] ] ] } },
{ "type": "Feature", "properties": { "zone_id": "Z-05-16", "impact_mean": 15.391553593490393, "impact_max": 61.985671997070312, "impact_std": 7.5531964209170823, "impact_count": 46946, "priority": "VERY LOW", "rank": 113 }, "geometry": { "type": "Polygon", "coordinates": [ [ [ 76.992838095602991, 28.791882798010484 ], [ 76.993301824584691, 28.816243331663539 ], [ 76.967351825425297, 28.816624228122212 ], [ 76.966894123993086, 28.792263312917232 ], [ 76.992838095602991, 28.791882798010484 ] ] ] } },
{ "type": "Feature", "properties": { "zone_id": "Z-11-04", "impact_mean": 15.229457619675012, "impact_max": 64.238739013671875, "impact_std": 19.109356030017377, "impact_count": 68310, "priority": "VERY LOW", "rank": 114 }, "geometry": { "type": "Polygon", "coordinates": [ [ [ 77.142540569228274, 28.497190017310885 ], [ 77.14303306824759, 28.521549303175348 ], [ 77.11715800535255, 28.521955175604749 ], [ 77.116671441893104, 28.497595480473333 ], [ 77.142540569228274, 28.497190017310885 ] ] ] } },
{ "type": "Feature", "properties": { "zone_id": "Z-05-06", "impact_mean": 15.181565656565656, "impact_max": 72.636154174804688, "impact_std": 11.428909715810578, "impact_count": 68310, "priority": "VERY LOW", "rank": 115 }, "geometry": { "type": "Polygon", "coordinates": [ [ [ 76.988232283063866, 28.548272258907151 ], [ 76.988690297313454, 28.572633737623264 ], [ 76.962800239083663, 28.573010826315763 ], [ 76.962348178168824, 28.548648967765928 ], [ 76.988232283063866, 28.548272258907151 ] ] ] } },
{ "type": "Feature", "properties": { "zone_id": "Z-01-06", "impact_mean": 15.055273038786819, "impact_max": 71.578140258789062, "impact_std": 9.3684969702842711, "impact_count": 68580, "priority": "VERY LOW", "rank": 116 }, "geometry": { "type": "Polygon", "coordinates": [ [ [ 76.88469292681286, 28.549749512466352 ], [ 76.885127124852289, 28.574112480705335 ], [ 76.859235128610379, 28.574469827138966 ], [ 76.858806885798657, 28.550106498942412 ], [ 76.88469292681286, 28.549749512466352 ] ] ] } },
{ "type": "Feature", "properties": { "zone_id": "Z-06-16", "impact_mean": 14.92377031181379, "impact_max": 65.528251647949219, "impact_std": 8.6080399269865282, "impact_count": 68310, "priority": "VERY LOW", "rank": 117 }, "geometry": { "type": "Polygon", "coordinates": [ [ [ 77.018781562008954, 28.791497303588905 ], [ 77.019251318042336, 28.815857450699763 ], [ 76.993301824584691, 28.816243331663539 ], [ 76.992838095602991, 28.791882798010484 ], [ 77.018781562008954, 28.791497303588905 ] ] ] } },
{ "type": "Feature", "properties": { "zone_id": "Z-03-05", "impact_mean": 14.752841824037477, "impact_max": 65.886459350585938, "impact_std": 10.595090890160201, "impact_count": 68310, "priority": "VERY LOW", "rank": 118 }, "geometry": { "type": "Polygon", "coordinates": [ [ [ 76.936018026035896, 28.524658419273493 ], [ 76.936463579496746, 28.549020746540752 ], [ 76.910578493545273, 28.549387594887435 ], [ 76.910138886994972, 28.525024897889615 ], [ 76.936018026035896, 28.524658419273493 ] ] ] } },
{ "type": "Feature", "properties": { "zone_id": "Z-02-05", "impact_mean": 14.615914580588493, "impact_max": 62.574069976806641, "impact_std": 8.4097838769603523, "impact_count": 68310, "priority": "VERY LOW", "rank": 119 }, "geometry": { "type": "Polygon", "coordinates": [ [ [ 76.910138886994972, 28.525024897889615 ], [ 76.910578493545273, 28.549387594887435 ], [ 76.88469292681286, 28.549749512466352 ], [ 76.884259267642335, 28.525386450705017 ], [ 76.910138886994972, 28.525024897889615 ] ] ] } },
{ "type": "Feature", "properties": { "zone_id": "Z-17-07", "impact_mean": 14.569535939101156, "impact_max": 67.106559753417969, "impact_std": 17.066738973759026, "impact_count": 68310, "priority": "VERY LOW", "rank": 120 }, "geometry": { "type": "Polygon", "coordinates": [ [ [ 77.29933007739956, 28.567723870896877 ], [ 77.299860149260212, 28.59208030777793 ], [ 77.273970574751999, 28.592517028173148 ], [ 77.273446457317263, 28.56816015167789 ], [ 77.29933007739956, 28.567723870896877 ] ] ] } },
{ "type": "Feature", "properties": { "zone_id": "Z-15-13", "impact_mean": 14.261021505376345, "impact_max": 67.198699951171875, "impact_std": 15.756374754989007, "impact_count": 64635, "priority": "VERY LOW", "rank": 121 }, "geometry": { "type": "Polygon", "coordinates": [ [ [ 77.250680903660282, 28.714733925502603 ], [ 77.251202936124329, 28.739090658921608 ], [ 77.22527633389339, 28.739520090036653 ], [ 77.224760301397993, 28.715162925770063 ], [ 77.250680903660282, 28.714733925502603 ] ] ] } },
{ "type": "Feature", "properties": { "zone_id": "Z-06-13", "impact_mean": 13.816042673107891, "impact_max": 71.105842590332031, "impact_std": 14.513344923357973, "impact_count": 68310, "priority": "VERY LOW", "rank": 122 }, "geometry": { "type": "Polygon", "coordinates": [ [ [ 77.017375780354058, 28.718416292851746 ], [ 77.017843793736219, 28.742776724607534 ], [ 76.991912359080899, 28.743161446470101 ], [ 76.991450350412293, 28.718800628697 ], [ 77.017375780354058, 28.718416292851746 ] ] ] } },
{ "type": "Feature", "properties": { "zone_id": "Z-07-06", "impact_mean": 13.511872995042287, "impact_max": 67.643196105957031, "impact_std": 16.755695362546593, "impact_count": 68580, "priority": "VERY LOW", "rank": 123 }, "geometry": { "type": "Polygon", "coordinates": [ [ [ 77.03999898553576, 28.547504052337239 ], [ 77.040468904981324, 28.571864756482633 ], [ 77.014579854780166, 28.57225171422764 ], [ 77.014115887684895, 28.547890620313158 ], [ 77.03999898553576, 28.547504052337239 ] ] ] } },
{ "type": "Feature", "properties": { "zone_id": "Z-14-17", "impact_mean": 13.403524789294924, "impact_max": 50.7296142578125, "impact_std": 9.8045652739895228, "impact_count": 15899, "priority": "VERY LOW", "rank": 124 }, "geometry": { "type": "Polygon", "coordinates": [ [ [ 77.226828272634123, 28.812591004781734 ], [ 77.227346868067031, 28.836947783480039 ], [ 77.201395626257835, 28.837373953835762 ], [ 77.20088306111542, 28.813016748496636 ], [ 77.226828272634123, 28.812591004781734 ] ] ] } },
{ "type": "Feature", "properties": { "zone_id": "Z-05-10", "impact_mean": 13.403444281005994, "impact_max": 67.373489379882812, "impact_std": 9.202293126625289, "impact_count": 45209, "priority": "VERY LOW", "rank": 125 }, "geometry": { "type": "Polygon", "coordinates": [ [ [ 76.990067756028012, 28.645717608052376 ], [ 76.990528049446979, 28.670078709430879 ], [ 76.964614103917214, 28.670457319167507 ], [ 76.964159793431833, 28.646095837271076 ], [ 76.990067756028012, 28.645717608052376 ] ] ] } },
{ "type": "Feature", "properties": { "zone_id": "Z-10-14", "impact_mean": 13.155213365539453, "impact_max": 82.770309448242188, "impact_std": 17.756244000116343, "impact_count": 68310, "priority": "VERY LOW", "rank": 126 }, "geometry": { "type": "Polygon", "coordinates": [ [ [ 77.121564359316849, 28.741188148956397 ], [ 77.122056996531782, 28.765546891271281 ], [ 77.096121634079992, 28.765951893812307 ], [ 77.095635006968948, 28.74159274536693 ], [ 77.121564359316849, 28.741188148956397 ] ] ] } },
{ "type": "Feature", "properties": { "zone_id": "Z-07-12", "impact_mean": 13.125326261300671, "impact_max": 67.082359313964844, "impact_std": 16.268072796772415, "impact_count": 68580, "priority": "VERY LOW", "rank": 127 }, "geometry": { "type": "Polygon", "coordinates": [ [ [ 77.042827269618343, 28.693666857106702 ], [ 77.04330070003931, 28.718026992805601 ], [ 77.017375780354058, 28.718416292851746 ], [ 77.016908346714516, 28.694055766329129 ], [ 77.042827269618343, 28.693666857106702 ] ] ] } },
{ "type": "Feature", "properties": { "zone_id": "Z-15-11", "impact_mean": 12.965485564304462, "impact_max": 78.029006958007812, "impact_std": 16.033372484612659, "impact_count": 68580, "priority": "VERY LOW", "rank": 128 }, "geometry": { "type": "Polygon", "coordinates": [ [ [ 77.249638777851104, 28.666020169411436 ], [ 77.250159517780617, 28.690377095645886 ], [ 77.224244908063937, 28.69080566526037 ], [ 77.223730153264228, 28.666448308567269 ], [ 77.249638777851104, 28.666020169411436 ] ] ] } },
{ "type": "Feature", "properties": { "zone_id": "Z-09-16", "impact_mean": 12.943358121901429, "impact_max": 77.091583251953125, "impact_std": 16.634410770101098, "impact_count": 68580, "priority": "VERY LOW", "rank": 129 }, "geometry": { "type": "Polygon", "coordinates": [ [ [ 77.096608864407159, 28.790310946837607 ], [ 77.097096698544249, 28.814669904384729 ], [ 77.071148761587381, 28.815070736695034 ], [ 77.070666952969873, 28.790711377637628 ], [ 77.096608864407159, 28.790310946837607 ] ] ] } },
{ "type": "Feature", "properties": { "zone_id": "Z-13-15", "impact_mean": 12.867142438881569, "impact_max": 72.972648620605469, "impact_std": 13.820707485830367, "impact_count": 68310, "priority": "VERY LOW", "rank": 130 }, "geometry": { "type": "Polygon", "coordinates": [ [ [ 77.199859832888151, 28.764302049014077 ], [ 77.200371130200224, 28.788659446869676 ], [ 77.174431383857339, 28.789079787614916 ], [ 77.173926102484998, 28.764721968489404 ], [ 77.199859832888151, 28.764302049014077 ] ] ] } },
{ "type": "Feature", "properties": { "zone_id": "Z-12-09", "impact_mean": 12.743827541621872, "impact_max": 73.44671630859375, "impact_std": 18.843381242434297, "impact_count": 68834, "priority": "VERY LOW", "rank": 131 }, "geometry": { "type": "Polygon", "coordinates": [ [ [ 77.170907529126708, 28.618573040251615 ], [ 77.171409066454103, 28.642931434362897 ], [ 77.145504756431919, 28.643344303305266 ], [ 77.145009191052168, 28.618985494035275 ], [ 77.170907529126708, 28.618573040251615 ] ] ] } },
{ "type": "Feature", "properties": { "zone_id": "Z-10-05", "impact_mean": 12.401482213438735, "impact_max": 82.432998657226562, "impact_std": 23.938925277830279, "impact_count": 68310, "priority": "VERY LOW", "rank": 132 }, "geometry": { "type": "Polygon", "coordinates": [ [ [ 77.11715800535255, 28.521955175604749 ], [ 77.117645173517289, 28.546314775718979 ], [ 77.091763634946176, 28.546716129675488 ], [ 77.091282410230264, 28.522356125074172 ], [ 77.11715800535255, 28.521955175604749 ] ] ] } },
{ "type": "Feature", "properties": { "zone_id": "Z-10-08", "impact_mean": 12.384564851412678, "impact_max": 72.38958740234375, "impact_std": 18.882313422678305, "impact_count": 68310, "priority": "VERY LOW", "rank": 133 }, "geometry": { "type": "Polygon", "coordinates": [ [ [ 77.118621326326036, 28.595033690660348 ], [ 77.119110312154376, 28.61939300536983 ], [ 77.093210898944591, 28.619795573877777 ], [ 77.092727878718378, 28.595435854135854 ], [ 77.118621326326036, 28.595033690660348 ] ] ] } },
{ "type": "Feature", "properties": { "zone_id": "Z-10-15", "impact_mean": 12.299701727419119, "impact_max": 79.860260009765625, "impact_std": 11.051367348945051, "impact_count": 68310, "priority": "VERY LOW", "rank": 134 }, "geometry": { "type": "Polygon", "coordinates": [ [ [ 77.122056996531782, 28.765546891271281 ], [ 77.122550244405232, 28.789905537982136 ], [ 77.096608864407159, 28.790310946837607 ], [ 77.096121634079992, 28.765951893812307 ], [ 77.122056996531782, 28.765546891271281 ] ] ] } },
{ "type": "Feature", "properties": { "zone_id": "Z-18-03", "impact_mean": 12.148892195767196, "impact_max": 70.817649841308594, "impact_std": 19.69757113449629, "impact_count": 23436, "priority": "VERY LOW", "rank": 135 }, "geometry": { "type": "Polygon", "coordinates": [ [ [ 77.323075658662901, 28.469857724667634 ], [ 77.323609028557996, 28.494214103279884 ], [ 77.29774380456378, 28.494653981679502 ], [ 77.297216359064649, 28.470297159285238 ], [ 77.323075658662901, 28.469857724667634 ] ] ] } },
{ "type": "Feature", "properties": { "zone_id": "Z-06-07", "impact_mean": 12.115781913336262, "impact_max": 73.328041076660156, "impact_std": 16.680241194930716, "impact_count": 68310, "priority": "VERY LOW", "rank": 136 }, "geometry": { "type": "Polygon", "coordinates": [ [ [ 77.014579854780166, 28.57225171422764 ], [ 77.015044398219828, 28.596612713721001 ], [ 76.989148880519394, 28.596995122091158 ], [ 76.988690297313454, 28.572633737623264 ], [ 77.014579854780166, 28.57225171422764 ] ] ] } },
{ "type": "Feature", "properties": { "zone_id": "Z-06-10", "impact_mean": 12.103516109271764, "impact_max": 73.2071533203125, "impact_std": 11.431566197659839, "impact_count": 68563, "priority": "VERY LOW", "rank": 137 }, "geometry": { "type": "Polygon", "coordinates": [ [ [ 77.015975216388696, 28.645334429213442 ], [ 77.016441492248674, 28.66969514509718 ], [ 76.990528049446979, 28.670078709430879 ], [ 76.990067756028012, 28.645717608052376 ], [ 77.015975216388696, 28.645334429213442 ] ] ] } },
{ "type": "Feature", "properties": { "zone_id": "Z-08-16", "impact_mean": 12.034060715854194, "impact_max": 80.705398559570312, "impact_std": 20.261458094376337, "impact_count": 68310, "priority": "VERY LOW", "rank": 138 }, "geometry": { "type": "Polygon", "coordinates": [ [ [ 77.070666952969873, 28.790711377637628 ], [ 77.071148761587381, 28.815070736695034 ], [ 77.045200299231794, 28.815466585589256 ], [ 77.044724516650987, 28.791106830010442 ], [ 77.070666952969873, 28.790711377637628 ] ] ] } },
{ "type": "Feature", "properties": { "zone_id": "Z-13-13", "impact_mean": 11.847555262772653, "impact_max": 79.901321411132812, "impact_std": 22.71776095288994, "impact_count": 68310, "priority": "VERY LOW", "rank": 139 }, "geometry": { "type": "Polygon", "coordinates": [ [ [ 77.198839136582222, 28.715586964854065 ], [ 77.199349168556125, 28.739944554989108 ], [ 77.173421446653165, 28.740364053385218 ], [ 77.172917415747179, 28.716006042361379 ], [ 77.198839136582222, 28.715586964854065 ] ] ] } },
{ "type": "Feature", "properties": { "zone_id": "Z-12-14", "impact_mean": 11.6012941090697, "impact_max": 85.343154907226562, "impact_std": 22.179485166318123, "impact_count": 68580, "priority": "VERY LOW", "rank": 140 }, "geometry": { "type": "Polygon", "coordinates": [ [ [ 77.173421446653165, 28.740364053385218 ], [ 77.173926102484998, 28.764721968489404 ], [ 77.147991821516626, 28.765136916036823 ], [ 77.147493174725966, 28.740778584835837 ], [ 77.173421446653165, 28.740364053385218 ] ] ] } },
{ "type": "Feature", "properties": { "zone_id": "Z-07-13", "impact_mean": 11.466538167104112, "impact_max": 73.155662536621094, "impact_std": 14.225864074674991, "impact_count": 68580, "priority": "VERY LOW", "rank": 141 }, "geometry": { "type": "Polygon", "coordinates": [ [ [ 77.04330070003931, 28.718026992805601 ], [ 77.043774717633468, 28.742387033560988 ], [ 77.017843793736219, 28.742776724607534 ], [ 77.017375780354058, 28.718416292851746 ], [ 77.04330070003931, 28.718026992805601 ] ] ] } },
{ "type": "Feature", "properties": { "zone_id": "Z-14-03", "impact_mean": 11.386662823891085, "impact_max": 64.334793090820312, "impact_std": 15.743116008558644, "impact_count": 68310, "priority": "VERY LOW", "rank": 142 }, "geometry": { "type": "Polygon", "coordinates": [ [ [ 77.21963502722727, 28.471585999597298 ], [ 77.220144696191724, 28.495944123603408 ], [ 77.194277202855957, 28.496364338494089 ], [ 77.193773460497709, 28.472005790530471 ], [ 77.21963502722727, 28.471585999597298 ] ] ] } },
{ "type": "Feature", "properties": { "zone_id": "Z-10-17", "impact_mean": 11.122389657444005, "impact_max": 72.055816650390625, "impact_std": 15.406770368172069, "impact_count": 68310, "priority": "VERY LOW", "rank": 143 }, "geometry": { "type": "Polygon", "coordinates": [ [ [ 77.123044103538334, 28.814264089030587 ], [ 77.123538574533271, 28.838622544358209 ], [ 77.097585137086185, 28.83902876639555 ], [ 77.097096698544249, 28.814669904384729 ], [ 77.123044103538334, 28.814264089030587 ] ] ] } },
{ "type": "Feature", "properties": { "zone_id": "Z-06-09", "impact_mean": 11.043020652538541, "impact_max": 80.113143920898438, "impact_std": 17.395640912388622, "impact_count": 68563, "priority": "VERY LOW", "rank": 144 }, "geometry": { "type": "Polygon", "coordinates": [ [ [ 77.015509518567711, 28.620973618735501 ], [ 77.015975216388696, 28.645334429213442 ], [ 76.990067756028012, 28.645717608052376 ], [ 76.989608033238369, 28.621356412253341 ], [ 77.015509518567711, 28.620973618735501 ] ] ] } },
{ "type": "Feature", "properties": { "zone_id": "Z-06-11", "impact_mean": 10.987351778656127, "impact_max": 83.330413818359375, "impact_std": 15.513709858752517, "impact_count": 68310, "priority": "VERY LOW", "rank": 145 }, "geometry": { "type": "Polygon", "coordinates": [ [ [ 77.016441492248674, 28.66969514509718 ], [ 77.016908346714516, 28.694055766329129 ], [ 76.990988914054853, 28.694439716331516 ], [ 76.990528049446979, 28.670078709430879 ], [ 77.016441492248674, 28.66969514509718 ] ] ] } },
{ "type": "Feature", "properties": { "zone_id": "Z-11-15", "impact_mean": 10.910854926072318, "impact_max": 87.457809448242188, "impact_std": 15.932685152706069, "impact_count": 68310, "priority": "VERY LOW", "rank": 146 }, "geometry": { "type": "Polygon", "coordinates": [ [ [ 77.147991821516626, 28.765136916036823 ], [ 77.14849108640729, 28.789495151447586 ], [ 77.122550244405232, 28.789905537982136 ], [ 77.122056996531782, 28.765546891271281 ], [ 77.147991821516626, 28.765136916036823 ] ] ] } },
{ "type": "Feature", "properties": { "zone_id": "Z-07-16", "impact_mean": 10.460812190142899, "impact_max": 70.608711242675781, "impact_std": 10.265582706797119, "impact_count": 68580, "priority": "VERY LOW", "rank": 147 }, "geometry": { "type": "Polygon", "coordinates": [ [ [ 77.044724516650987, 28.791106830010442 ], [ 77.045200299231794, 28.815466585589256 ], [ 77.019251318042336, 28.815857450699763 ], [ 77.018781562008954, 28.791497303588905 ], [ 77.044724516650987, 28.791106830010442 ] ] ] } },
{ "type": "Feature", "properties": { "zone_id": "Z-12-02", "impact_mean": 10.183878317293672, "impact_max": 68.742576599121094, "impact_std": 15.013595909686709, "impact_count": 68580, "priority": "VERY LOW", "rank": 148 }, "geometry": { "type": "Polygon", "coordinates": [ [ [ 77.167414146181073, 28.448061607329933 ], [ 77.167911343160299, 28.472420669560911 ], [ 77.142048681686688, 28.472830636305009 ], [ 77.141557405027157, 28.448471160216979 ], [ 77.167414146181073, 28.448061607329933 ] ] ] } },
{ "type": "Feature", "properties": { "zone_id": "Z-09-13", "impact_mean": 10.107745516185476, "impact_max": 77.567001342773438, "impact_std": 18.270525761755284, "impact_count": 68580, "priority": "VERY LOW", "rank": 149 }, "geometry": { "type": "Polygon", "coordinates": [ [ [ 77.095148982481234, 28.717233501559708 ], [ 77.095635006968948, 28.74159274536693 ], [ 77.069705124226232, 28.741992373692053 ], [ 77.069225102928087, 28.717632728919689 ], [ 77.095148982481234, 28.717233501559708 ] ] ] } },
{ "type": "Feature", "properties": { "zone_id": "Z-12-06", "impact_mean": 9.7454040901137358, "impact_max": 58.848655700683594, "impact_std": 16.387799539224616, "impact_count": 68580, "priority": "VERY LOW", "rank": 150 }, "geometry": { "type": "Polygon", "coordinates": [ [ [ 77.169406645926088, 28.545497284412068 ], [ 77.169906319470329, 28.569855965216874 ], [ 77.144019903107278, 28.570267589243166 ], [ 77.143526179341322, 28.545908493839168 ], [ 77.169406645926088, 28.545497284412068 ] ] ] } },
{ "type": "Feature", "properties": { "zone_id": "Z-16-08", "impact_mean": 9.4450647782169526, "impact_max": 70.250762939453125, "impact_std": 15.800995242252851, "impact_count": 68310, "priority": "VERY LOW", "rank": 151 }, "geometry": { "type": "Polygon", "coordinates": [ [ [ 77.273970574751999, 28.592517028173148 ], [ 77.274495342996943, 28.616873808335626 ], [ 77.24859923331104, 28.617306028049462 ], [ 77.248080427437571, 28.59294881304211 ], [ 77.273970574751999, 28.592517028173148 ] ] ] } },
{ "type": "Feature", "properties": { "zone_id": "Z-11-16", "impact_mean": 8.9204298418972332, "impact_max": 84.05316162109375, "impact_std": 15.667869712568647, "impact_count": 68310, "priority": "VERY LOW", "rank": 152 }, "geometry": { "type": "Polygon", "coordinates": [ [ [ 77.14849108640729, 28.789495151447586 ], [ 77.148990970006352, 28.813853291009437 ], [ 77.123044103538334, 28.814264089030587 ], [ 77.122550244405232, 28.789905537982136 ], [ 77.14849108640729, 28.789495151447586 ] ] ] } },
{ "type": "Feature", "properties": { "zone_id": "Z-13-14", "impact_mean": 8.8020183721270673, "impact_max": 76.851715087890625, "impact_std": 18.172400013054052, "impact_count": 68310, "priority": "VERY LOW", "rank": 153 }, "geometry": { "type": "Polygon", "coordinates": [ [ [ 77.199349168556125, 28.739944554989108 ], [ 77.199859832888151, 28.764302049014077 ], [ 77.173926102484998, 28.764721968489404 ], [ 77.173421446653165, 28.740364053385218 ], [ 77.199349168556125, 28.739944554989108 ] ] ] } },
{ "type": "Feature", "properties": { "zone_id": "Z-05-11", "impact_mean": 8.7193542997500355, "impact_max": 77.990135192871094, "impact_std": 16.767059195348907, "impact_count": 57608, "priority": "VERY LOW", "rank": 154 }, "geometry": { "type": "Polygon", "coordinates": [ [ [ 76.990528049446979, 28.670078709430879 ], [ 76.990988914054853, 28.694439716331516 ], [ 76.965068978173733, 28.694818706757768 ], [ 76.964614103917214, 28.670457319167507 ], [ 76.990528049446979, 28.670078709430879 ] ] ] } },
{ "type": "Feature", "properties": { "zone_id": "Z-08-15", "impact_mean": 8.6148440931049635, "impact_max": 76.565071105957031, "impact_std": 15.559901327542784, "impact_count": 68310, "priority": "VERY LOW", "rank": 155 }, "geometry": { "type": "Polygon", "coordinates": [ [ [ 77.070185740711651, 28.766351923284009 ], [ 77.070666952969873, 28.790711377637628 ], [ 77.044724516650987, 28.791106830010442 ], [ 77.044249322977961, 28.766746979315158 ], [ 77.070185740711651, 28.766351923284009 ] ] ] } },
{ "type": "Feature", "properties": { "zone_id": "Z-06-05", "impact_mean": 8.3590435658828337, "impact_max": 60.522876739501953, "impact_std": 10.85335505866578, "impact_count": 26919, "priority": "VERY LOW", "rank": 156 }, "geometry": { "type": "Polygon", "coordinates": [ [ [ 77.013652496371108, 28.523529432035346 ], [ 77.014115887684895, 28.547890620313158 ], [ 76.988232283063866, 28.548272258907151 ], [ 76.987774837214957, 28.523910686000345 ], [ 77.013652496371108, 28.523529432035346 ] ] ] } },
{ "type": "Feature", "properties": { "zone_id": "Z-17-12", "impact_mean": 8.3233631605914216, "impact_max": 83.700271606445312, "impact_std": 18.246981510364787, "impact_count": 68310, "priority": "VERY LOW", "rank": 157 }, "geometry": { "type": "Polygon", "coordinates": [ [ [ 77.301987025102051, 28.689505089391066 ], [ 77.30252039439182, 28.713861043013193 ], [ 77.27660093683572, 28.714299964449523 ], [ 77.276073558968704, 28.689943570222166 ], [ 77.301987025102051, 28.689505089391066 ] ] ] } },
{ "type": "Feature", "properties": { "zone_id": "Z-08-13", "impact_mean": 8.300671570780267, "impact_max": 71.410682678222656, "impact_std": 16.475486961241696, "impact_count": 68310, "priority": "VERY LOW", "rank": 158 }, "geometry": { "type": "Polygon", "coordinates": [ [ [ 77.069225102928087, 28.717632728919689 ], [ 77.069705124226232, 28.741992373692053 ], [ 77.043774717633468, 28.742387033560988 ], [ 77.04330070003931, 28.718026992805601 ], [ 77.069225102928087, 28.717632728919689 ] ] ] } },
{ "type": "Feature", "properties": { "zone_id": "Z-14-13", "impact_mean": 7.8573310601363922, "impact_max": 76.323936462402344, "impact_std": 17.623826268869554, "impact_count": 67746, "priority": "VERY LOW", "rank": 159 }, "geometry": { "type": "Polygon", "coordinates": [ [ [ 77.224760301397993, 28.715162925770063 ], [ 77.22527633389339, 28.739520090036653 ], [ 77.199349168556125, 28.739944554989108 ], [ 77.198839136582222, 28.715586964854065 ], [ 77.224760301397993, 28.715162925770063 ] ] ] } },
{ "type": "Feature", "properties": { "zone_id": "Z-07-11", "impact_mean": 7.8409813356663749, "impact_max": 83.354110717773438, "impact_std": 14.495242164753837, "impact_count": 68580, "priority": "VERY LOW", "rank": 160 }, "geometry": { "type": "Polygon", "coordinates": [ [ [ 77.042354425794372, 28.669306626522044 ], [ 77.042827269618343, 28.693666857106702 ], [ 77.016908346714516, 28.694055766329129 ], [ 77.016441492248674, 28.66969514509718 ], [ 77.042354425794372, 28.669306626522044 ] ] ] } },
{ "type": "Feature", "properties": { "zone_id": "Z-18-05", "impact_mean": 7.7773174752708432, "impact_max": 70.016586303710938, "impact_std": 17.283341616332827, "impact_count": 53075, "priority": "VERY LOW", "rank": 161 }, "geometry": { "type": "Polygon", "coordinates": [ [ [ 77.324143061438122, 28.518570385406527 ], [ 77.324677757950099, 28.542926570986335 ], [ 77.298800663091029, 28.543367337546226 ], [ 77.298271905692687, 28.519010707786808 ], [ 77.324143061438122, 28.518570385406527 ] ] ] } },
{ "type": "Feature", "properties": { "zone_id": "Z-17-08", "impact_mean": 7.6639250292782899, "impact_max": 77.138069152832031, "impact_std": 13.318522312870893, "impact_count": 68310, "priority": "VERY LOW", "rank": 162 }, "geometry": { "type": "Polygon", "coordinates": [ [ [ 77.299860149260212, 28.59208030777793 ], [ 77.300390879316041, 28.616436648128602 ], [ 77.274495342996943, 28.616873808335626 ], [ 77.273970574751999, 28.592517028173148 ], [ 77.299860149260212, 28.59208030777793 ] ] ] } },
{ "type": "Feature", "properties": { "zone_id": "Z-16-10", "impact_mean": 7.6108980062132634, "impact_max": 78.263374328613281, "impact_std": 13.637462160639314, "impact_count": 68563, "priority": "VERY LOW", "rank": 163 }, "geometry": { "type": "Polygon", "coordinates": [ [ [ 77.275020762689124, 28.641230492104881 ], [ 77.275546834466624, 28.665587079420515 ], [ 77.249638777851104, 28.666020169411436 ], [ 77.249118683238578, 28.64166314685928 ], [ 77.275020762689124, 28.641230492104881 ] ] ] } },
{ "type": "Feature", "properties": { "zone_id": "Z-15-12", "impact_mean": 7.5290217629046365, "impact_max": 77.968528747558594, "impact_std": 15.484274329959241, "impact_count": 68580, "priority": "VERY LOW", "rank": 164 }, "geometry": { "type": "Polygon", "coordinates": [ [ [ 77.250159517780617, 28.690377095645886 ], [ 77.250680903660282, 28.714733925502603 ], [ 77.224760301397993, 28.715162925770063 ], [ 77.224244908063937, 28.69080566526037 ], [ 77.250159517780617, 28.690377095645886 ] ] ] } },
{ "type": "Feature", "properties": { "zone_id": "Z-07-10", "impact_mean": 7.2562401030014234, "impact_max": 70.456779479980469, "impact_std": 11.267516700798813, "impact_count": 68834, "priority": "VERY LOW", "rank": 165 }, "geometry": { "type": "Polygon", "coordinates": [ [ [ 77.041882167992313, 28.644946301109425 ], [ 77.042354425794372, 28.669306626522044 ], [ 77.016441492248674, 28.66969514509718 ], [ 77.015975216388696, 28.645334429213442 ], [ 77.041882167992313, 28.644946301109425 ] ] ] } },
{ "type": "Feature", "properties": { "zone_id": "Z-11-09", "impact_mean": 6.943556017823024, "impact_max": 71.008003234863281, "impact_std": 15.396389527750388, "impact_count": 68563, "priority": "VERY LOW", "rank": 166 }, "geometry": { "type": "Polygon", "coordinates": [ [ [ 77.145009191052168, 28.618985494035275 ], [ 77.145504756431919, 28.643344303305266 ], [ 77.119599905056674, 28.643752224826816 ], [ 77.119110312154376, 28.61939300536983 ], [ 77.145009191052168, 28.618985494035275 ] ] ] } },
{ "type": "Feature", "properties": { "zone_id": "Z-16-13", "impact_mean": 6.9040963035019454, "impact_max": 84.886817932128906, "impact_std": 16.788039122575576, "impact_count": 64250, "priority": "VERY LOW", "rank": 167 }, "geometry": { "type": "Polygon", "coordinates": [ [ [ 77.27660093683572, 28.714299964449523 ], [ 77.277128968709192, 28.738656262042316 ], [ 77.251202936124329, 28.739090658921608 ], [ 77.250680903660282, 28.714733925502603 ], [ 77.27660093683572, 28.714299964449523 ] ] ] } },
{ "type": "Feature", "properties": { "zone_id": "Z-08-12", "impact_mean": 6.8684183318694192, "impact_max": 74.335044860839844, "impact_std": 15.993268214838768, "impact_count": 68310, "priority": "VERY LOW", "rank": 168 }, "geometry": { "type": "Polygon", "coordinates": [ [ [ 77.068745676232794, 28.693272989024866 ], [ 77.069225102928087, 28.717632728919689 ], [ 77.04330070003931, 28.718026992805601 ], [ 77.042827269618343, 28.693666857106702 ], [ 77.068745676232794, 28.693272989024866 ] ] ] } },
{ "type": "Feature", "properties": { "zone_id": "Z-14-06", "impact_mean": 6.8305418313570492, "impact_max": 71.183052062988281, "impact_std": 15.592992715958129, "impact_count": 68310, "priority": "VERY LOW", "rank": 169 }, "geometry": { "type": "Polygon", "coordinates": [ [ [ 77.22116593541304, 28.544660084442842 ], [ 77.221677506907369, 28.569017921156089 ], [ 77.195792189569332, 28.569439409059306 ], [ 77.195286566780197, 28.545081147818255 ], [ 77.22116593541304, 28.544660084442842 ] ] ] } },
{ "type": "Feature", "properties": { "zone_id": "Z-11-03", "impact_mean": 6.8286595655376816, "impact_max": 61.152256011962891, "impact_std": 15.020781279948427, "impact_count": 58371, "priority": "VERY LOW", "rank": 170 }, "geometry": { "type": "Polygon", "coordinates": [ [ [ 77.142048681686688, 28.472830636305009 ], [ 77.142540569228274, 28.497190017310885 ], [ 77.116671441893104, 28.497595480473333 ], [ 77.116185482549383, 28.473235690383692 ], [ 77.142048681686688, 28.472830636305009 ] ] ] } },
{ "type": "Feature", "properties": { "zone_id": "Z-09-05", "impact_mean": 6.7250997491557349, "impact_max": 79.418144226074219, "impact_std": 19.162612139772943, "impact_count": 61592, "priority": "VERY LOW", "rank": 171 }, "geometry": { "type": "Polygon", "coordinates": [ [ [ 77.091282410230264, 28.522356125074172 ], [ 77.091763634946176, 28.546716129675488 ], [ 77.065881570121064, 28.547112555337218 ], [ 77.065406289367473, 28.522752151212618 ], [ 77.091282410230264, 28.522356125074172 ] ] ] } },
{ "type": "Feature", "properties": { "zone_id": "Z-10-13", "impact_mean": 6.6636322463768112, "impact_max": 81.466964721679688, "impact_std": 14.687825700944076, "impact_count": 68310, "priority": "VERY LOW", "rank": 172 }, "geometry": { "type": "Polygon", "coordinates": [ [ [ 77.121072332160352, 28.716829311095974 ], [ 77.121564359316849, 28.741188148956397 ], [ 77.095635006968948, 28.74159274536693 ], [ 77.095148982481234, 28.717233501559708 ], [ 77.121072332160352, 28.716829311095974 ] ] ] } },
{ "type": "Feature", "properties": { "zone_id": "Z-09-07", "impact_mean": 6.5991114391951005, "impact_max": 68.042922973632812, "impact_std": 15.404242334366653, "impact_count": 68580, "priority": "VERY LOW", "rank": 173 }, "geometry": { "type": "Polygon", "coordinates": [ [ [ 77.092245457580745, 28.571076039382252 ], [ 77.092727878718378, 28.595435854135854 ], [ 77.066833903826989, 28.595833079382306 ], [ 77.066357441415164, 28.571472864746546 ], [ 77.092245457580745, 28.571076039382252 ] ] ] } },
{ "type": "Feature", "properties": { "zone_id": "Z-16-11", "impact_mean": 6.530355182257356, "impact_max": 79.760177612304688, "impact_std": 17.690166380794093, "impact_count": 68310, "priority": "VERY LOW", "rank": 174 }, "geometry": { "type": "Polygon", "coordinates": [ [ [ 77.275546834466624, 28.665587079420515 ], [ 77.276073558968704, 28.689943570222166 ], [ 77.250159517780617, 28.690377095645886 ], [ 77.249638777851104, 28.666020169411436 ], [ 77.275546834466624, 28.665587079420515 ] ] ] } },
{ "type": "Feature", "properties": { "zone_id": "Z-07-05", "impact_mean": 6.4851812487830207, "impact_max": 73.485488891601562, "impact_std": 12.74391363035881, "impact_count": 30814, "priority": "VERY LOW", "rank": 175 }, "geometry": { "type": "Polygon", "coordinates": [ [ [ 77.039529649251634, 28.52314325365365 ], [ 77.03999898553576, 28.547504052337239 ], [ 77.014115887684895, 28.547890620313158 ], [ 77.013652496371108, 28.523529432035346 ], [ 77.039529649251634, 28.52314325365365 ] ] ] } },
{ "type": "Feature", "properties": { "zone_id": "Z-16-09", "impact_mean": 6.4546662376208745, "impact_max": 79.76690673828125, "impact_std": 11.972527861774045, "impact_count": 68563, "priority": "VERY LOW", "rank": 176 }, "geometry": { "type": "Polygon", "coordinates": [ [ [ 77.274495342996943, 28.616873808335626 ], [ 77.275020762689124, 28.641230492104881 ], [ 77.249118683238578, 28.64166314685928 ], [ 77.24859923331104, 28.617306028049462 ], [ 77.274495342996943, 28.616873808335626 ] ] ] } },
{ "type": "Feature", "properties": { "zone_id": "Z-09-18", "impact_mean": 6.394956676038162, "impact_max": 72.176071166992188, "impact_std": 13.270010326154848, "impact_count": 65091, "priority": "VERY LOW", "rank": 177 }, "geometry": { "type": "Polygon", "coordinates": [ [ [ 77.097585137086185, 28.83902876639555 ], [ 77.098074180628885, 28.863387532812055 ], [ 77.072114170251666, 28.863789168689959 ], [ 77.071631167151793, 28.839430000398394 ], [ 77.097585137086185, 28.83902876639555 ] ] ] } },
{ "type": "Feature", "properties": { "zone_id": "Z-08-07", "impact_mean": 6.3132928012004097, "impact_max": 65.373588562011719, "impact_std": 15.398929512706466, "impact_count": 68310, "priority": "VERY LOW", "rank": 178 }, "geometry": { "type": "Polygon", "coordinates": [ [ [ 77.066357441415164, 28.571472864746546 ], [ 77.066833903826989, 28.595833079382306 ], [ 77.040939408158366, 28.596225366031792 ], [ 77.040468904981324, 28.571864756482633 ], [ 77.066357441415164, 28.571472864746546 ] ] ] } },
{ "type": "Feature", "properties": { "zone_id": "Z-07-07", "impact_mean": 6.3091362277631964, "impact_max": 75.723968505859375, "impact_std": 14.570495309865873, "impact_count": 68580, "priority": "VERY LOW", "rank": 179 }, "geometry": { "type": "Polygon", "coordinates": [ [ [ 77.040468904981324, 28.571864756482633 ], [ 77.040939408158366, 28.596225366031792 ], [ 77.015044398219828, 28.596612713721001 ], [ 77.014579854780166, 28.57225171422764 ], [ 77.040468904981324, 28.571864756482633 ] ] ] } },
{ "type": "Feature", "properties": { "zone_id": "Z-13-18", "impact_mean": 6.2110139883145594, "impact_max": 51.358890533447266, "impact_std": 9.3751982473461055, "impact_count": 9499, "priority": "VERY LOW", "rank": 180 }, "geometry": { "type": "Polygon", "coordinates": [ [ [ 77.201395626257835, 28.837373953835762 ], [ 77.201908826252762, 28.861731062827882 ], [ 77.175950987380205, 28.862152668529887 ], [ 77.175443825687566, 28.837795137694059 ], [ 77.201395626257835, 28.837373953835762 ] ] ] } },
{ "type": "Feature", "properties": { "zone_id": "Z-11-05", "impact_mean": 6.1667554164836771, "impact_max": 69.268295288085938, "impact_std": 13.598525934278742, "impact_count": 68310, "priority": "VERY LOW", "rank": 181 }, "geometry": { "type": "Polygon", "coordinates": [ [ [ 77.14303306824759, 28.521549303175348 ], [ 77.143526179341322, 28.545908493839168 ], [ 77.117645173517289, 28.546314775718979 ], [ 77.11715800535255, 28.521955175604749 ], [ 77.14303306824759, 28.521549303175348 ] ] ] } },
{ "type": "Feature", "properties": { "zone_id": "Z-13-01", "impact_mean": 5.9113932358038532, "impact_max": 65.123970031738281, "impact_std": 13.136094158049035, "impact_count": 49045, "priority": "VERY LOW", "rank": 182 }, "geometry": { "type": "Polygon", "coordinates": [ [ [ 77.192767851939195, 28.423288408299292 ], [ 77.193270343728415, 28.447647147112242 ], [ 77.167414146181073, 28.448061607329933 ], [ 77.166917566836091, 28.423702449891273 ], [ 77.192767851939195, 28.423288408299292 ] ] ] } },
{ "type": "Feature", "properties": { "zone_id": "Z-17-04", "impact_mean": 5.5605191406821843, "impact_max": 86.262718200683594, "impact_std": 15.926950503177466, "impact_count": 68310, "priority": "VERY LOW", "rank": 183 }, "geometry": { "type": "Polygon", "coordinates": [ [ [ 77.29774380456378, 28.494653981679502 ], [ 77.298271905692687, 28.519010707786808 ], [ 77.272400172336191, 28.519446109931096 ], [ 77.271878003521479, 28.495088944800681 ], [ 77.29774380456378, 28.494653981679502 ] ] ] } },
{ "type": "Feature", "properties": { "zone_id": "Z-11-14", "impact_mean": 5.5578689979505196, "impact_max": 90.675025939941406, "impact_std": 14.629466176137804, "impact_count": 68310, "priority": "VERY LOW", "rank": 184 }, "geometry": { "type": "Polygon", "coordinates": [ [ [ 77.147493174725966, 28.740778584835837 ], [ 77.147991821516626, 28.765136916036823 ], [ 77.122056996531782, 28.765546891271281 ], [ 77.121564359316849, 28.741188148956397 ], [ 77.147493174725966, 28.740778584835837 ] ] ] } },
{ "type": "Feature", "properties": { "zone_id": "Z-12-01", "impact_mean": 5.5297148736325425, "impact_max": 53.281234741210938, "impact_std": 11.040727644995078, "impact_count": 38301, "priority": "VERY LOW", "rank": 185 }, "geometry": { "type": "Polygon", "coordinates": [ [ [ 77.166917566836091, 28.423702449891273 ], [ 77.167414146181073, 28.448061607329933 ], [ 77.141557405027157, 28.448471160216979 ], [ 77.141066738655098, 28.424111589106122 ], [ 77.166917566836091, 28.423702449891273 ] ] ] } },
{ "type": "Feature", "properties": { "zone_id": "Z-12-13", "impact_mean": 5.5144466316710412, "impact_max": 83.560409545898438, "impact_std": 17.046045670224835, "impact_count": 68580, "priority": "VERY LOW", "rank": 186 }, "geometry": { "type": "Polygon", "coordinates": [ [ [ 77.172917415747179, 28.716006042361379 ], [ 77.173421446653165, 28.740364053385218 ], [ 77.147493174725966, 28.740778584835837 ], [ 77.146995145427923, 28.716420157903375 ], [ 77.172917415747179, 28.716006042361379 ] ] ] } },
{ "type": "Feature", "properties": { "zone_id": "Z-16-12", "impact_mean": 5.4280641560532867, "impact_max": 78.840530395507812, "impact_std": 17.411369801583223, "impact_count": 68310, "priority": "VERY LOW", "rank": 187 }, "geometry": { "type": "Polygon", "coordinates": [ [ [ 77.276073558968704, 28.689943570222166 ], [ 77.27660093683572, 28.714299964449523 ], [ 77.250680903660282, 28.714733925502603 ], [ 77.250159517780617, 28.690377095645886 ], [ 77.276073558968704, 28.689943570222166 ] ] ] } },
{ "type": "Feature", "properties": { "zone_id": "Z-11-18", "impact_mean": 4.9365121509339662, "impact_max": 72.804519653320312, "impact_std": 12.394736208091464, "impact_count": 16007, "priority": "VERY LOW", "rank": 188 }, "geometry": { "type": "Polygon", "coordinates": [ [ [ 77.149491472923344, 28.838211334663733 ], [ 77.149992595768893, 28.862569282351878 ], [ 77.124033657993351, 28.862980903906745 ], [ 77.123538574533271, 28.838622544358209 ], [ 77.149491472923344, 28.838211334663733 ] ] ] } },
{ "type": "Feature", "properties": { "zone_id": "Z-08-05", "impact_mean": 4.8580312409890425, "impact_max": 72.291397094726562, "impact_std": 14.142419439865764, "impact_count": 55488, "priority": "VERY LOW", "rank": 189 }, "geometry": { "type": "Polygon", "coordinates": [ [ [ 77.065406289367473, 28.522752151212618 ], [ 77.065881570121064, 28.547112555337218 ], [ 77.03999898553576, 28.547504052337239 ], [ 77.039529649251634, 28.52314325365365 ], [ 77.065406289367473, 28.522752151212618 ] ] ] } },
{ "type": "Feature", "properties": { "zone_id": "Z-13-02", "impact_mean": 4.5401945176401695, "impact_max": 75.078926086425781, "impact_std": 11.424833565723691, "impact_count": 68310, "priority": "VERY LOW", "rank": 190 }, "geometry": { "type": "Polygon", "coordinates": [ [ [ 77.193270343728415, 28.447647147112242 ], [ 77.193773460497709, 28.472005790530471 ], [ 77.167911343160299, 28.472420669560911 ], [ 77.167414146181073, 28.448061607329933 ], [ 77.193270343728415, 28.447647147112242 ] ] ] } },
{ "type": "Feature", "properties": { "zone_id": "Z-16-04", "impact_mean": 4.433802700922266, "impact_max": 68.710494995117188, "impact_std": 11.172115241313824, "impact_count": 68310, "priority": "VERY LOW", "rank": 191 }, "geometry": { "type": "Polygon", "coordinates": [ [ [ 77.271878003521479, 28.495088944800681 ], [ 77.272400172336191, 28.519446109931096 ], [ 77.246527867849466, 28.51987659143666 ], [ 77.24601163190566, 28.49551899224122 ], [ 77.271878003521479, 28.495088944800681 ] ] ] } },
{ "type": "Feature", "properties": { "zone_id": "Z-15-07", "impact_mean": 4.3914119459025951, "impact_max": 72.759368896484375, "impact_std": 13.264659944693477, "impact_count": 68580, "priority": "VERY LOW", "rank": 192 }, "geometry": { "type": "Polygon", "coordinates": [ [ [ 77.247562264988431, 28.56859150189738 ], [ 77.248080427437571, 28.59294881304211 ], [ 77.222189713817642, 28.593375661985053 ], [ 77.221677506907369, 28.569017921156089 ], [ 77.247562264988431, 28.56859150189738 ] ] ] } },
{ "type": "Feature", "properties": { "zone_id": "Z-06-08", "impact_mean": 3.8363984043331869, "impact_max": 81.413093566894531, "impact_std": 11.750814170852943, "impact_count": 68310, "priority": "VERY LOW", "rank": 193 }, "geometry": { "type": "Polygon", "coordinates": [ [ [ 77.015044398219828, 28.596612713721001 ], [ 77.015509518567711, 28.620973618735501 ], [ 76.989608033238369, 28.621356412253341 ], [ 76.989148880519394, 28.596995122091158 ], [ 77.015044398219828, 28.596612713721001 ] ] ] } },
{ "type": "Feature", "properties": { "zone_id": "Z-13-03", "impact_mean": 3.7835737355438441, "impact_max": 64.205238342285156, "impact_std": 9.4460279154477842, "impact_count": 68310, "priority": "VERY LOW", "rank": 194 }, "geometry": { "type": "Polygon", "coordinates": [ [ [ 77.193773460497709, 28.472005790530471 ], [ 77.194277202855957, 28.496364338494089 ], [ 77.168409158375482, 28.496779636524611 ], [ 77.167911343160299, 28.472420669560911 ], [ 77.193773460497709, 28.472005790530471 ] ] ] } },
{ "type": "Feature", "properties": { "zone_id": "Z-05-08", "impact_mean": 3.6359889657444007, "impact_max": 74.091110229492188, "impact_std": 12.507354243318282, "impact_count": 68310, "priority": "VERY LOW", "rank": 195 }, "geometry": { "type": "Polygon", "coordinates": [ [ [ 76.989148880519394, 28.596995122091158 ], [ 76.989608033238369, 28.621356412253341 ], [ 76.963706046165228, 28.621734261125546 ], [ 76.963252861565977, 28.597372590788048 ], [ 76.989148880519394, 28.596995122091158 ] ] ] } },
{ "type": "Feature", "properties": { "zone_id": "Z-14-18", "impact_mean": 3.6081590513910355, "impact_max": 47.077133178710938, "impact_std": 7.7195071740665231, "impact_count": 3235, "priority": "VERY LOW", "rank": 196 }, "geometry": { "type": "Polygon", "coordinates": [ [ [ 77.227346868067031, 28.836947783480039 ], [ 77.227866105812936, 28.861304465637545 ], [ 77.201908826252762, 28.861731062827882 ], [ 77.201395626257835, 28.837373953835762 ], [ 77.227346868067031, 28.836947783480039 ] ] ] } },
{ "type": "Feature", "properties": { "zone_id": "Z-17-06", "impact_mean": 3.4733915239350024, "impact_max": 69.566604614257812, "impact_std": 11.371742461701462, "impact_count": 68310, "priority": "VERY LOW", "rank": 197 }, "geometry": { "type": "Polygon", "coordinates": [ [ [ 77.298800663091029, 28.543367337546226 ], [ 77.29933007739956, 28.567723870896877 ], [ 77.273446457317263, 28.56816015167789 ], [ 77.272922990056912, 28.543803178910359 ], [ 77.298800663091029, 28.543367337546226 ] ] ] } },
{ "type": "Feature", "properties": { "zone_id": "Z-07-08", "impact_mean": 3.4386792796733743, "impact_max": 72.293190002441406, "impact_std": 12.028442898832727, "impact_count": 68580, "priority": "VERY LOW", "rank": 198 }, "geometry": { "type": "Polygon", "coordinates": [ [ [ 77.040939408158366, 28.596225366031792 ], [ 77.041410495638004, 28.620585880926704 ], [ 77.015509518567711, 28.620973618735501 ], [ 77.015044398219828, 28.596612713721001 ], [ 77.040939408158366, 28.596225366031792 ] ] ] } },
{ "type": "Feature", "properties": { "zone_id": "Z-12-04", "impact_mean": 3.3494736986001752, "impact_max": 64.110939025878906, "impact_std": 8.7608753957706575, "impact_count": 68580, "priority": "VERY LOW", "rank": 199 }, "geometry": { "type": "Polygon", "coordinates": [ [ [ 77.168409158375482, 28.496779636524611 ], [ 77.168907592429463, 28.521138508161503 ], [ 77.14303306824759, 28.521549303175348 ], [ 77.142540569228274, 28.497190017310885 ], [ 77.168409158375482, 28.496779636524611 ] ] ] } },
{ "type": "Feature", "properties": { "zone_id": "Z-09-11", "impact_mean": 3.1217560695538058, "impact_max": 86.9205322265625, "impact_std": 12.893585794930013, "impact_count": 68580, "priority": "VERY LOW", "rank": 200 }, "geometry": { "type": "Polygon", "coordinates": [ [ [ 77.094178739009877, 28.668514728092706 ], [ 77.094663560025097, 28.692874162448867 ], [ 77.068745676232794, 28.693272989024866 ], [ 77.068266843556913, 28.668913154065631 ], [ 77.094178739009877, 28.668514728092706 ] ] ] } },
{ "type": "Feature", "properties": { "zone_id": "Z-16-07", "impact_mean": 3.1031346069389549, "impact_max": 75.9388427734375, "impact_std": 9.988891674883595, "impact_count": 68310, "priority": "VERY LOW", "rank": 201 }, "geometry": { "type": "Polygon", "coordinates": [ [ [ 77.273446457317263, 28.56816015167789 ], [ 77.273970574751999, 28.592517028173148 ], [ 77.248080427437571, 28.59294881304211 ], [ 77.247562264988431, 28.56859150189738 ], [ 77.273446457317263, 28.56816015167789 ] ] ] } },
{ "type": "Feature", "properties": { "zone_id": "Z-18-08", "impact_mean": 3.045384827866946, "impact_max": 64.996368408203125, "impact_std": 10.838837557735602, "impact_count": 60186, "priority": "VERY LOW", "rank": 202 }, "geometry": { "type": "Polygon", "coordinates": [ [ [ 77.325749144462435, 28.591638652260809 ], [ 77.32628583576215, 28.615994547833246 ], [ 77.300390879316041, 28.616436648128602 ], [ 77.299860149260212, 28.59208030777793 ], [ 77.325749144462435, 28.591638652260809 ] ] ] } },
{ "type": "Feature", "properties": { "zone_id": "Z-07-09", "impact_mean": 2.9415069224511141, "impact_max": 67.330917358398438, "impact_std": 10.316433966687969, "impact_count": 68834, "priority": "VERY LOW", "rank": 203 }, "geometry": { "type": "Polygon", "coordinates": [ [ [ 77.041410495638004, 28.620585880926704 ], [ 77.041882167992313, 28.644946301109425 ], [ 77.015975216388696, 28.645334429213442 ], [ 77.015509518567711, 28.620973618735501 ], [ 77.041410495638004, 28.620585880926704 ] ] ] } },
{ "type": "Feature", "properties": { "zone_id": "Z-18-04", "impact_mean": 2.9328764165001799, "impact_max": 79.759445190429688, "impact_std": 12.286853880538123, "impact_count": 61066, "priority": "VERY LOW", "rank": 204 }, "geometry": { "type": "Polygon", "coordinates": [ [ [ 77.323609028557996, 28.494214103279884 ], [ 77.324143061438122, 28.518570385406527 ], [ 77.298271905692687, 28.519010707786808 ], [ 77.29774380456378, 28.494653981679502 ], [ 77.323609028557996, 28.494214103279884 ] ] ] } },
{ "type": "Feature", "properties": { "zone_id": "Z-12-03", "impact_mean": 2.7259842519685038, "impact_max": 62.3974609375, "impact_std": 7.0632093385487096, "impact_count": 68580, "priority": "VERY LOW", "rank": 205 }, "geometry": { "type": "Polygon", "coordinates": [ [ [ 77.167911343160299, 28.472420669560911 ], [ 77.168409158375482, 28.496779636524611 ], [ 77.142540569228274, 28.497190017310885 ], [ 77.142048681686688, 28.472830636305009 ], [ 77.167911343160299, 28.472420669560911 ] ] ] } },
{ "type": "Feature", "properties": { "zone_id": "Z-15-10", "impact_mean": 2.6748643021617222, "impact_max": 80.578117370605469, "impact_std": 10.111429221557248, "impact_count": 68834, "priority": "VERY LOW", "rank": 206 }, "geometry": { "type": "Polygon", "coordinates": [ [ [ 77.249118683238578, 28.64166314685928 ], [ 77.249638777851104, 28.666020169411436 ], [ 77.223730153264228, 28.666448308567269 ], [ 77.223216036372918, 28.642090855750485 ], [ 77.249118683238578, 28.64166314685928 ] ] ] } },
{ "type": "Feature", "properties": { "zone_id": "Z-12-05", "impact_mean": 2.6207294400699914, "impact_max": 58.74530029296875, "impact_std": 8.5175326653013155, "impact_count": 68580, "priority": "VERY LOW", "rank": 207 }, "geometry": { "type": "Polygon", "coordinates": [ [ [ 77.168907592429463, 28.521138508161503 ], [ 77.169406645926088, 28.545497284412068 ], [ 77.143526179341322, 28.545908493839168 ], [ 77.14303306824759, 28.521549303175348 ], [ 77.168907592429463, 28.521138508161503 ] ] ] } },
{ "type": "Feature", "properties": { "zone_id": "Z-08-10", "impact_mean": 2.6060525538555779, "impact_max": 71.066070556640625, "impact_std": 9.9002771220080454, "impact_count": 68563, "priority": "VERY LOW", "rank": 208 }, "geometry": { "type": "Polygon", "coordinates": [ [ [ 77.067788604318039, 28.644553224100033 ], [ 77.068266843556913, 28.668913154065631 ], [ 77.042354425794372, 28.669306626522044 ], [ 77.041882167992313, 28.644946301109425 ], [ 77.067788604318039, 28.644553224100033 ] ] ] } },
{ "type": "Feature", "properties": { "zone_id": "Z-09-12", "impact_mean": 2.4502513032225139, "impact_max": 82.46856689453125, "impact_std": 11.403810884810531, "impact_count": 68580, "priority": "VERY LOW", "rank": 209 }, "geometry": { "type": "Polygon", "coordinates": [ [ [ 77.094663560025097, 28.692874162448867 ], [ 77.095148982481234, 28.717233501559708 ], [ 77.069225102928087, 28.717632728919689 ], [ 77.068745676232794, 28.693272989024866 ], [ 77.094663560025097, 28.692874162448867 ] ] ] } },
{ "type": "Feature", "properties": { "zone_id": "Z-11-13", "impact_mean": 2.4410801859171425, "impact_max": 73.563407897949219, "impact_std": 9.9115874797383263, "impact_count": 68310, "priority": "VERY LOW", "rank": 210 }, "geometry": { "type": "Polygon", "coordinates": [ [ [ 77.146995145427923, 28.716420157903375 ], [ 77.147493174725966, 28.740778584835837 ], [ 77.121564359316849, 28.741188148956397 ], [ 77.121072332160352, 28.716829311095974 ], [ 77.146995145427923, 28.716420157903375 ] ] ] } },
{ "type": "Feature", "properties": { "zone_id": "Z-08-09", "impact_mean": 2.3050944022286073, "impact_max": 77.686958312988281, "impact_std": 10.652101321075625, "impact_count": 68563, "priority": "VERY LOW", "rank": 211 }, "geometry": { "type": "Polygon", "coordinates": [ [ [ 77.067310957934851, 28.6201931991862 ], [ 77.067788604318039, 28.644553224100033 ], [ 77.041882167992313, 28.644946301109425 ], [ 77.041410495638004, 28.620585880926704 ], [ 77.067310957934851, 28.6201931991862 ] ] ] } },
{ "type": "Feature", "properties": { "zone_id": "Z-12-10", "impact_mean": 2.2905095955487114, "impact_max": 80.608467102050781, "impact_std": 9.5755706914127305, "impact_count": 68834, "priority": "VERY LOW", "rank": 212 }, "geometry": { "type": "Polygon", "coordinates": [ [ [ 77.171409066454103, 28.642931434362897 ], [ 77.171911226259581, 28.66728973279108 ], [ 77.146000936885585, 28.667703017079226 ], [ 77.145504756431919, 28.643344303305266 ], [ 77.171409066454103, 28.642931434362897 ] ] ] } },
{ "type": "Feature", "properties": { "zone_id": "Z-09-10", "impact_mean": 2.0773368720399801, "impact_max": 69.289283752441406, "impact_std": 8.7657804565894413, "impact_count": 68834, "priority": "VERY LOW", "rank": 213 }, "geometry": { "type": "Polygon", "coordinates": [ [ [ 77.093694518845908, 28.644155198549548 ], [ 77.094178739009877, 28.668514728092706 ], [ 77.068266843556913, 28.668913154065631 ], [ 77.067788604318039, 28.644553224100033 ], [ 77.093694518845908, 28.644155198549548 ] ] ] } },
{ "type": "Feature", "properties": { "zone_id": "Z-18-12", "impact_mean": 1.9876424892650082, "impact_max": 96.253158569335938, "impact_std": 10.87466864557841, "impact_count": 59851, "priority": "VERY LOW", "rank": 214 }, "geometry": { "type": "Polygon", "coordinates": [ [ [ 77.327899909655486, 28.689061653559033 ], [ 77.328439269796988, 28.713417161600614 ], [ 77.30252039439182, 28.713861043013193 ], [ 77.301987025102051, 28.689505089391066 ], [ 77.327899909655486, 28.689061653559033 ] ] ] } },
{ "type": "Feature", "properties": { "zone_id": "Z-17-05", "impact_mean": 1.9088140233860342, "impact_max": 76.207221984863281, "impact_std": 8.3619082595865901, "impact_count": 68310, "priority": "VERY LOW", "rank": 215 }, "geometry": { "type": "Polygon", "coordinates": [ [ [ 77.298271905692687, 28.519010707786808 ], [ 77.298800663091029, 28.543367337546226 ], [ 77.272922990056912, 28.543803178910359 ], [ 77.272400172336191, 28.519446109931096 ], [ 77.298271905692687, 28.519010707786808 ] ] ] } },
{ "type": "Feature", "properties": { "zone_id": "Z-14-14", "impact_mean": 1.8717789729823486, "impact_max": 71.76568603515625, "impact_std": 8.6450994729106547, "impact_count": 30989, "priority": "VERY LOW", "rank": 216 }, "geometry": { "type": "Polygon", "coordinates": [ [ [ 77.22527633389339, 28.739520090036653 ], [ 77.225793006178208, 28.763877158000522 ], [ 77.199859832888151, 28.764302049014077 ], [ 77.199349168556125, 28.739944554989108 ], [ 77.22527633389339, 28.739520090036653 ] ] ] } },
{ "type": "Feature", "properties": { "zone_id": "Z-14-12", "impact_mean": 1.7857136811960181, "impact_max": 75.000541687011719, "impact_std": 8.3501340998144595, "impact_count": 68310, "priority": "VERY LOW", "rank": 217 }, "geometry": { "type": "Polygon", "coordinates": [ [ [ 77.224244908063937, 28.69080566526037 ], [ 77.224760301397993, 28.715162925770063 ], [ 77.198839136582222, 28.715586964854065 ], [ 77.198329736345627, 28.691229278668295 ], [ 77.224244908063937, 28.69080566526037 ] ] ] } },
{ "type": "Feature", "properties": { "zone_id": "Z-08-08", "impact_mean": 1.7333230401844533, "impact_max": 76.739501953125, "impact_std": 8.8123490995216898, "impact_count": 68310, "priority": "VERY LOW", "rank": 218 }, "geometry": { "type": "Polygon", "coordinates": [ [ [ 77.066833903826989, 28.595833079382306 ], [ 77.067310957934851, 28.6201931991862 ], [ 77.041410495638004, 28.620585880926704 ], [ 77.040939408158366, 28.596225366031792 ], [ 77.066833903826989, 28.595833079382306 ] ] ] } },
{ "type": "Feature", "properties": { "zone_id": "Z-14-10", "impact_mean": 1.709830967504339, "impact_max": 81.105476379394531, "impact_std": 9.0930938616728465, "impact_count": 68563, "priority": "VERY LOW", "rank": 219 }, "geometry": { "type": "Polygon", "coordinates": [ [ [ 77.223216036372918, 28.642090855750485 ], [ 77.223730153264228, 28.666448308567269 ], [ 77.197820967226562, 28.666871496491211 ], [ 77.1973128286064, 28.64251361838226 ], [ 77.223216036372918, 28.642090855750485 ] ] ] } },
{ "type": "Feature", "properties": { "zone_id": "Z-17-10", "impact_mean": 1.7065618482271778, "impact_max": 80.410728454589844, "impact_std": 10.429632548237928, "impact_count": 68563, "priority": "VERY LOW", "rank": 220 }, "geometry": { "type": "Polygon", "coordinates": [ [ [ 77.300922268211195, 28.640792891888136 ], [ 77.301454316591048, 28.665149038995843 ], [ 77.275546834466624, 28.665587079420515 ], [ 77.275020762689124, 28.641230492104881 ], [ 77.300922268211195, 28.640792891888136 ] ] ] } },
{ "type": "Feature", "properties": { "zone_id": "Z-12-11", "impact_mean": 1.6950541338582676, "impact_max": 79.009193420410156, "impact_std": 8.6205524064337364, "impact_count": 68580, "priority": "VERY LOW", "rank": 221 }, "geometry": { "type": "Polygon", "coordinates": [ [ [ 77.171911226259581, 28.66728973279108 ], [ 77.172414009153471, 28.691647935476972 ], [ 77.14649773301619, 28.692061635298227 ], [ 77.146000936885585, 28.667703017079226 ], [ 77.171911226259581, 28.66728973279108 ] ] ] } },
{ "type": "Feature", "properties": { "zone_id": "Z-18-10", "impact_mean": 1.6866315765073647, "impact_max": 78.754707336425781, "impact_std": 9.8508357524332784, "impact_count": 47185, "priority": "VERY LOW", "rank": 222 }, "geometry": { "type": "Polygon", "coordinates": [ [ [ 77.326823193292327, 28.640350346614422 ], [ 77.327361217705544, 28.664706048543337 ], [ 77.301454316591048, 28.665149038995843 ], [ 77.300922268211195, 28.640792891888136 ], [ 77.326823193292327, 28.640350346614422 ] ] ] } },
{ "type": "Feature", "properties": { "zone_id": "Z-08-11", "impact_mean": 1.6420311585053433, "impact_max": 81.925254821777344, "impact_std": 9.7063672159742485, "impact_count": 68310, "priority": "VERY LOW", "rank": 223 }, "geometry": { "type": "Polygon", "coordinates": [ [ [ 77.068266843556913, 28.668913154065631 ], [ 77.068745676232794, 28.693272989024866 ], [ 77.042827269618343, 28.693666857106702 ], [ 77.042354425794372, 28.669306626522044 ], [ 77.068266843556913, 28.668913154065631 ] ] ] } },
{ "type": "Feature", "properties": { "zone_id": "Z-13-04", "impact_mean": 1.6292826361440491, "impact_max": 65.142784118652344, "impact_std": 7.1792673623587469, "impact_count": 68310, "priority": "VERY LOW", "rank": 224 }, "geometry": { "type": "Polygon", "coordinates": [ [ [ 77.194277202855957, 28.496364338494089 ], [ 77.194781571413102, 28.520722790943278 ], [ 77.168907592429463, 28.521138508161503 ], [ 77.168409158375482, 28.496779636524611 ], [ 77.194277202855957, 28.496364338494089 ] ] ] } },
{ "type": "Feature", "properties": { "zone_id": "Z-10-10", "impact_mean": 1.6061997724720329, "impact_max": 83.639617919921875, "impact_std": 7.9858867135380418, "impact_count": 68563, "priority": "VERY LOW", "rank": 225 }, "geometry": { "type": "Polygon", "coordinates": [ [ [ 77.119599905056674, 28.643752224826816 ], [ 77.120090105627682, 28.668111348972602 ], [ 77.094178739009877, 28.668514728092706 ], [ 77.093694518845908, 28.644155198549548 ], [ 77.119599905056674, 28.643752224826816 ] ] ] } },
{ "type": "Feature", "properties": { "zone_id": "Z-13-12", "impact_mean": 1.6027189924608403, "impact_max": 80.736320495605469, "impact_std": 8.0839601271239729, "impact_count": 68310, "priority": "VERY LOW", "rank": 226 }, "geometry": { "type": "Polygon", "coordinates": [ [ [ 77.198329736345627, 28.691229278668295 ], [ 77.198839136582222, 28.715586964854065 ], [ 77.172917415747179, 28.716006042361379 ], [ 77.172414009153471, 28.691647935476972 ], [ 77.198329736345627, 28.691229278668295 ] ] ] } },
{ "type": "Feature", "properties": { "zone_id": "Z-10-11", "impact_mean": 1.5847240521153565, "impact_max": 66.691360473632812, "impact_std": 8.1294340539506873, "impact_count": 68310, "priority": "VERY LOW", "rank": 227 }, "geometry": { "type": "Polygon", "coordinates": [ [ [ 77.120090105627682, 28.668111348972602 ], [ 77.120580914463289, 28.692470377748524 ], [ 77.094663560025097, 28.692874162448867 ], [ 77.094178739009877, 28.668514728092706 ], [ 77.120090105627682, 28.668111348972602 ] ] ] } },
{ "type": "Feature", "properties": { "zone_id": "Z-11-11", "impact_mean": 1.3982944252305665, "impact_max": 72.644844055175781, "impact_std": 8.083693108475595, "impact_count": 68310, "priority": "VERY LOW", "rank": 228 }, "geometry": { "type": "Polygon", "coordinates": [ [ [ 77.146000936885585, 28.667703017079226 ], [ 77.14649773301619, 28.692061635298227 ], [ 77.120580914463289, 28.692470377748524 ], [ 77.120090105627682, 28.668111348972602 ], [ 77.146000936885585, 28.667703017079226 ] ] ] } },
{ "type": "Feature", "properties": { "zone_id": "Z-17-11", "impact_mean": 1.3941425120772948, "impact_max": 84.373435974121094, "impact_std": 9.0791595417954785, "impact_count": 68310, "priority": "VERY LOW", "rank": 229 }, "geometry": { "type": "Polygon", "coordinates": [ [ [ 77.301454316591048, 28.665149038995843 ], [ 77.301987025102051, 28.689505089391066 ], [ 77.276073558968704, 28.689943570222166 ], [ 77.275546834466624, 28.665587079420515 ], [ 77.301454316591048, 28.665149038995843 ] ] ] } },
{ "type": "Feature", "properties": { "zone_id": "Z-12-12", "impact_mean": 1.3765537283100029, "impact_max": 75.554679870605469, "impact_std": 8.3169255711385972, "impact_count": 68580, "priority": "VERY LOW", "rank": 230 }, "geometry": { "type": "Polygon", "coordinates": [ [ [ 77.172414009153471, 28.691647935476972 ], [ 77.172917415747179, 28.716006042361379 ], [ 77.146995145427923, 28.716420157903375 ], [ 77.14649773301619, 28.692061635298227 ], [ 77.172414009153471, 28.691647935476972 ] ] ] } },
{ "type": "Feature", "properties": { "zone_id": "Z-11-10", "impact_mean": 1.2901625375566996, "impact_max": 84.17474365234375, "impact_std": 7.4379514182338715, "impact_count": 68563, "priority": "VERY LOW", "rank": 231 }, "geometry": { "type": "Polygon", "coordinates": [ [ [ 77.145504756431919, 28.643344303305266 ], [ 77.146000936885585, 28.667703017079226 ], [ 77.120090105627682, 28.668111348972602 ], [ 77.119599905056674, 28.643752224826816 ], [ 77.145504756431919, 28.643344303305266 ] ] ] } },
{ "type": "Feature", "properties": { "zone_id": "Z-14-04", "impact_mean": 1.2641569682330551, "impact_max": 62.831050872802734, "impact_std": 6.1046867958768116, "impact_count": 68310, "priority": "VERY LOW", "rank": 232 }, "geometry": { "type": "Polygon", "coordinates": [ [ [ 77.220144696191724, 28.495944123603408 ], [ 77.220654998714252, 28.520302151905288 ], [ 77.194781571413102, 28.520722790943278 ], [ 77.194277202855957, 28.496364338494089 ], [ 77.220144696191724, 28.495944123603408 ] ] ] } },
{ "type": "Feature", "properties": { "zone_id": "Z-18-09", "impact_mean": 1.1840315413515452, "impact_max": 77.747749328613281, "impact_std": 8.0524793182234156, "impact_count": 61352, "priority": "VERY LOW", "rank": 233 }, "geometry": { "type": "Polygon", "coordinates": [ [ [ 77.32628583576215, 28.615994547833246 ], [ 77.326823193292327, 28.640350346614422 ], [ 77.300922268211195, 28.640792891888136 ], [ 77.300390879316041, 28.616436648128602 ], [ 77.32628583576215, 28.615994547833246 ] ] ] } },
{ "type": "Feature", "properties": { "zone_id": "Z-13-06", "impact_mean": 1.1274689833113747, "impact_max": 59.011913299560547, "impact_std": 6.2274035032571824, "impact_count": 68310, "priority": "VERY LOW", "rank": 234 }, "geometry": { "type": "Polygon", "coordinates": [ [ [ 77.195286566780197, 28.545081147818255 ], [ 77.195792189569332, 28.569439409059306 ], [ 77.169906319470329, 28.569855965216874 ], [ 77.169406645926088, 28.545497284412068 ], [ 77.195286566780197, 28.545081147818255 ] ] ] } },
{ "type": "Feature", "properties": { "zone_id": "Z-18-11", "impact_mean": 1.1268861252512807, "impact_max": 83.988174438476562, "impact_std": 7.2081995570404107, "impact_count": 61684, "priority": "VERY LOW", "rank": 235 }, "geometry": { "type": "Polygon", "coordinates": [ [ [ 77.327361217705544, 28.664706048543337 ], [ 77.327899909655486, 28.689061653559033 ], [ 77.301987025102051, 28.689505089391066 ], [ 77.301454316591048, 28.665149038995843 ], [ 77.327361217705544, 28.664706048543337 ] ] ] } },
{ "type": "Feature", "properties": { "zone_id": "Z-09-08", "impact_mean": 1.074029646033829, "impact_max": 73.803176879882812, "impact_std": 7.6001765234613341, "impact_count": 68580, "priority": "VERY LOW", "rank": 236 }, "geometry": { "type": "Polygon", "coordinates": [ [ [ 77.092727878718378, 28.595435854135854 ], [ 77.093210898944591, 28.619795573877777 ], [ 77.067310957934851, 28.6201931991862 ], [ 77.066833903826989, 28.595833079382306 ], [ 77.092727878718378, 28.595435854135854 ] ] ] } },
{ "type": "Feature", "properties": { "zone_id": "Z-10-12", "impact_mean": 1.0514670024520567, "impact_max": 71.876296997070312, "impact_std": 6.8768324475080211, "impact_count": 68310, "priority": "VERY LOW", "rank": 237 }, "geometry": { "type": "Polygon", "coordinates": [ [ [ 77.120580914463289, 28.692470377748524 ], [ 77.121072332160352, 28.716829311095974 ], [ 77.095148982481234, 28.717233501559708 ], [ 77.094663560025097, 28.692874162448867 ], [ 77.120580914463289, 28.692470377748524 ] ] ] } },
{ "type": "Feature", "properties": { "zone_id": "Z-11-02", "impact_mean": 0.94503343873959711, "impact_max": 54.621677398681641, "impact_std": 5.6303414531564684, "impact_count": 25714, "priority": "VERY LOW", "rank": 238 }, "geometry": { "type": "Polygon", "coordinates": [ [ [ 77.141557405027157, 28.448471160216979 ], [ 77.142048681686688, 28.472830636305009 ], [ 77.116185482549383, 28.473235690383692 ], [ 77.115700126732904, 28.448875805394813 ], [ 77.141557405027157, 28.448471160216979 ] ] ] } },
{ "type": "Feature", "properties": { "zone_id": "Z-16-05", "impact_mean": 0.79323774429073346, "impact_max": 67.706512451171875, "impact_std": 5.2997452657749395, "impact_count": 68310, "priority": "VERY LOW", "rank": 239 }, "geometry": { "type": "Polygon", "coordinates": [ [ [ 77.272400172336191, 28.519446109931096 ], [ 77.272922990056912, 28.543803178910359 ], [ 77.247044745334904, 28.544234094675481 ], [ 77.246527867849466, 28.51987659143666 ], [ 77.272400172336191, 28.519446109931096 ] ] ] } },
{ "type": "Feature", "properties": { "zone_id": "Z-14-05", "impact_mean": 0.77588080762333478, "impact_max": 61.451034545898438, "impact_std": 4.2096743782007175, "impact_count": 68310, "priority": "VERY LOW", "rank": 240 }, "geometry": { "type": "Polygon", "coordinates": [ [ [ 77.220654998714252, 28.520302151905288 ], [ 77.22116593541304, 28.544660084442842 ], [ 77.195286566780197, 28.545081147818255 ], [ 77.194781571413102, 28.520722790943278 ], [ 77.220654998714252, 28.520302151905288 ] ] ] } },
{ "type": "Feature", "properties": { "zone_id": "Z-16-06", "impact_mean": 0.77152995077587472, "impact_max": 69.362747192382812, "impact_std": 5.2717518809996138, "impact_count": 68310, "priority": "VERY LOW", "rank": 241 }, "geometry": { "type": "Polygon", "coordinates": [ [ [ 77.272922990056912, 28.543803178910359 ], [ 77.273446457317263, 28.56816015167789 ], [ 77.247562264988431, 28.56859150189738 ], [ 77.247044745334904, 28.544234094675481 ], [ 77.272922990056912, 28.543803178910359 ] ] ] } },
{ "type": "Feature", "properties": { "zone_id": "Z-13-10", "impact_mean": 0.77027218579992129, "impact_max": 76.780426025390625, "impact_std": 5.9242710983599531, "impact_count": 68563, "priority": "VERY LOW", "rank": 242 }, "geometry": { "type": "Polygon", "coordinates": [ [ [ 77.1973128286064, 28.64251361838226 ], [ 77.197820967226562, 28.666871496491211 ], [ 77.171911226259581, 28.66728973279108 ], [ 77.171409066454103, 28.642931434362897 ], [ 77.1973128286064, 28.64251361838226 ] ] ] } },
{ "type": "Feature", "properties": { "zone_id": "Z-10-09", "impact_mean": 0.76460301565713285, "impact_max": 67.599090576171875, "impact_std": 5.5914692350975628, "impact_count": 68563, "priority": "VERY LOW", "rank": 243 }, "geometry": { "type": "Polygon", "coordinates": [ [ [ 77.119110312154376, 28.61939300536983 ], [ 77.119599905056674, 28.643752224826816 ], [ 77.093694518845908, 28.644155198549548 ], [ 77.093210898944591, 28.619795573877777 ], [ 77.119110312154376, 28.61939300536983 ] ] ] } },
{ "type": "Feature", "properties": { "zone_id": "Z-17-09", "impact_mean": 0.74008313977655582, "impact_max": 77.9122314453125, "impact_std": 6.841900989732288, "impact_count": 68563, "priority": "VERY LOW", "rank": 244 }, "geometry": { "type": "Polygon", "coordinates": [ [ [ 77.300390879316041, 28.616436648128602 ], [ 77.300922268211195, 28.640792891888136 ], [ 77.275020762689124, 28.641230492104881 ], [ 77.274495342996943, 28.616873808335626 ], [ 77.300390879316041, 28.616436648128602 ] ] ] } },
{ "type": "Feature", "properties": { "zone_id": "Z-14-11", "impact_mean": 0.73402560477968082, "impact_max": 70.595741271972656, "impact_std": 5.3014458716282018, "impact_count": 68310, "priority": "VERY LOW", "rank": 245 }, "geometry": { "type": "Polygon", "coordinates": [ [ [ 77.223730153264228, 28.666448308567269 ], [ 77.224244908063937, 28.69080566526037 ], [ 77.198329736345627, 28.691229278668295 ], [ 77.197820967226562, 28.666871496491211 ], [ 77.223730153264228, 28.666448308567269 ] ] ] } },
{ "type": "Feature", "properties": { "zone_id": "Z-09-09", "impact_mean": 0.66279450380625848, "impact_max": 68.64739990234375, "impact_std": 5.4726016247380791, "impact_count": 68834, "priority": "VERY LOW", "rank": 246 }, "geometry": { "type": "Polygon", "coordinates": [ [ [ 77.093210898944591, 28.619795573877777 ], [ 77.093694518845908, 28.644155198549548 ], [ 77.067788604318039, 28.644553224100033 ], [ 77.067310957934851, 28.6201931991862 ], [ 77.093210898944591, 28.619795573877777 ] ] ] } },
{ "type": "Feature", "properties": { "zone_id": "Z-15-05", "impact_mean": 0.60880717547025376, "impact_max": 62.727622985839844, "impact_std": 4.7032165119424283, "impact_count": 68580, "priority": "VERY LOW", "rank": 247 }, "geometry": { "type": "Polygon", "coordinates": [ [ [ 77.246527867849466, 28.51987659143666 ], [ 77.247044745334904, 28.544234094675481 ], [ 77.22116593541304, 28.544660084442842 ], [ 77.220654998714252, 28.520302151905288 ], [ 77.246527867849466, 28.51987659143666 ] ] ] } },
{ "type": "Feature", "properties": { "zone_id": "Z-13-11", "impact_mean": 0.5996789681232616, "impact_max": 73.868850708007812, "impact_std": 4.6831670141221089, "impact_count": 68310, "priority": "VERY LOW", "rank": 248 }, "geometry": { "type": "Polygon", "coordinates": [ [ [ 77.197820967226562, 28.666871496491211 ], [ 77.198329736345627, 28.691229278668295 ], [ 77.172414009153471, 28.691647935476972 ], [ 77.171911226259581, 28.66728973279108 ], [ 77.197820967226562, 28.666871496491211 ] ] ] } },
{ "type": "Feature", "properties": { "zone_id": "Z-11-12", "impact_mean": 0.57650543020787581, "impact_max": 68.990264892578125, "impact_std": 4.7916837193177892, "impact_count": 68310, "priority": "VERY LOW", "rank": 249 }, "geometry": { "type": "Polygon", "coordinates": [ [ [ 77.14649773301619, 28.692061635298227 ], [ 77.146995145427923, 28.716420157903375 ], [ 77.121072332160352, 28.716829311095974 ], [ 77.120580914463289, 28.692470377748524 ], [ 77.14649773301619, 28.692061635298227 ] ] ] } },
{ "type": "Feature", "properties": { "zone_id": "Z-15-04", "impact_mean": 0.49103237095363078, "impact_max": 72.452911376953125, "impact_std": 4.5366502880954647, "impact_count": 68580, "priority": "VERY LOW", "rank": 250 }, "geometry": { "type": "Polygon", "coordinates": [ [ [ 77.24601163190566, 28.49551899224122 ], [ 77.246527867849466, 28.51987659143666 ], [ 77.220654998714252, 28.520302151905288 ], [ 77.220144696191724, 28.495944123603408 ], [ 77.24601163190566, 28.49551899224122 ] ] ] } },
{ "type": "Feature", "properties": { "zone_id": "Z-15-06", "impact_mean": 0.42794005404272384, "impact_max": 70.666000366210938, "impact_std": 4.2000535260058074, "impact_count": 68580, "priority": "VERY LOW", "rank": 251 }, "geometry": { "type": "Polygon", "coordinates": [ [ [ 77.247044745334904, 28.544234094675481 ], [ 77.247562264988431, 28.56859150189738 ], [ 77.221677506907369, 28.569017921156089 ], [ 77.22116593541304, 28.544660084442842 ], [ 77.247044745334904, 28.544234094675481 ] ] ] } },
{ "type": "Feature", "properties": { "zone_id": "Z-10-18", "impact_mean": 0.40583567023802036, "impact_max": 74.578842163085938, "impact_std": 4.1536095559472415, "impact_count": 39755, "priority": "VERY LOW", "rank": 252 }, "geometry": { "type": "Polygon", "coordinates": [ [ [ 77.123538574533271, 28.838622544358209 ], [ 77.124033657993351, 28.862980903906745 ], [ 77.098074180628885, 28.863387532812055 ], [ 77.097585137086185, 28.83902876639555 ], [ 77.123538574533271, 28.838622544358209 ] ] ] } },
{ "type": "Feature", "properties": { "zone_id": "Z-13-05", "impact_mean": 0.30343625338530228, "impact_max": 64.345169067382812, "impact_std": 2.8154007451881462, "impact_count": 68310, "priority": "VERY LOW", "rank": 253 }, "geometry": { "type": "Polygon", "coordinates": [ [ [ 77.194781571413102, 28.520722790943278 ], [ 77.195286566780197, 28.545081147818255 ], [ 77.169406645926088, 28.545497284412068 ], [ 77.168907592429463, 28.521138508161503 ], [ 77.194781571413102, 28.520722790943278 ] ] ] } },
{ "type": "Feature", "properties": { "zone_id": "Z-11-01", "impact_mean": 0.10291373712231568, "impact_max": 51.766597747802734, "impact_std": 1.5311586541982209, "impact_count": 6822, "priority": "VERY LOW", "rank": 254 }, "geometry": { "type": "Polygon", "coordinates": [ [ [ 77.141066738655098, 28.424111589106122 ], [ 77.141557405027157, 28.448471160216979 ], [ 77.115700126732904, 28.448875805394813 ], [ 77.115215373856159, 28.424515825565759 ], [ 77.141066738655098, 28.424111589106122 ] ] ] } },
{ "type": "Feature", "properties": { "zone_id": "Z-19-03", "impact_mean": 0.0, "impact_max": 0.0, "impact_std": 0.0, "impact_count": 2142, "priority": "VERY LOW", "rank": 255 }, "geometry": { "type": "Polygon", "coordinates": [ [ [ 77.348934375307635, 28.469413380133155 ], [ 77.349473669030431, 28.493769310008588 ], [ 77.323609028557996, 28.494214103279884 ], [ 77.323075658662901, 28.469857724667634 ], [ 77.348934375307635, 28.469413380133155 ] ] ] } },
{ "type": "Feature", "properties": { "zone_id": "Z-19-04", "impact_mean": 0.0, "impact_max": 0.0, "impact_std": 0.0, "impact_count": 26315, "priority": "VERY LOW", "rank": 256 }, "geometry": { "type": "Polygon", "coordinates": [ [ [ 77.349473669030431, 28.493769310008588 ], [ 77.350013633092516, 28.518125143197555 ], [ 77.324143061438122, 28.518570385406527 ], [ 77.323609028557996, 28.494214103279884 ], [ 77.349473669030431, 28.493769310008588 ] ] ] } },
{ "type": "Feature", "properties": { "zone_id": "Z-16-14", "impact_mean": 0.0, "impact_max": 0.0, "impact_std": 0.0, "impact_count": 6620, "priority": "VERY LOW", "rank": 257 }, "geometry": { "type": "Polygon", "coordinates": [ [ [ 77.277128968709192, 28.738656262042316 ], [ 77.277657655231764, 28.763012462940324 ], [ 77.251725615808127, 28.763447295842987 ], [ 77.251202936124329, 28.739090658921608 ], [ 77.277128968709192, 28.738656262042316 ] ] ] } },
{ "type": "Feature", "properties": { "zone_id": "Z-10-02", "impact_mean": 0.0, "impact_max": 0.0, "impact_std": 0.0, "impact_count": 1224, "priority": "VERY LOW", "rank": 258 }, "geometry": { "type": "Polygon", "coordinates": [ [ [ 77.115700126732904, 28.448875805394813 ], [ 77.116185482549383, 28.473235690383692 ], [ 77.090321752221698, 28.473635831422406 ], [ 77.089842317765303, 28.449275542489374 ], [ 77.115700126732904, 28.448875805394813 ] ] ] } },
{ "type": "Feature", "properties": { "zone_id": "Z-19-09", "impact_mean": 0.0, "impact_max": 0.0, "impact_std": 0.0, "impact_count": 16198, "priority": "VERY LOW", "rank": 259 }, "geometry": { "type": "Polygon", "coordinates": [ [ [ 77.352180205830024, 28.615547507858977 ], [ 77.352723531420892, 28.639902856693691 ], [ 77.326823193292327, 28.640350346614422 ], [ 77.32628583576215, 28.615994547833246 ], [ 77.352180205830024, 28.615547507858977 ] ] ] } },
{ "type": "Feature", "properties": { "zone_id": "Z-19-05", "impact_mean": 0.0, "impact_max": 0.0, "impact_std": 0.0, "impact_count": 5194, "priority": "VERY LOW", "rank": 260 }, "geometry": { "type": "Polygon", "coordinates": [ [ [ 77.350013633092516, 28.518125143197555 ], [ 77.350554268147832, 28.542480879638525 ], [ 77.324677757950099, 28.542926570986335 ], [ 77.324143061438122, 28.518570385406527 ], [ 77.350013633092516, 28.518125143197555 ] ] ] } },
{ "type": "Feature", "properties": { "zone_id": "Z-19-08", "impact_mean": 0.0, "impact_max": 0.0, "impact_std": 0.0, "impact_count": 22578, "priority": "VERY LOW", "rank": 261 }, "geometry": { "type": "Polygon", "coordinates": [ [ [ 77.351637553859746, 28.59119206203065 ], [ 77.352180205830024, 28.615547507858977 ], [ 77.32628583576215, 28.615994547833246 ], [ 77.325749144462435, 28.591638652260809 ], [ 77.351637553859746, 28.59119206203065 ] ] ] } },
{ "type": "Feature", "properties": { "zone_id": "Z-10-19", "impact_mean": 0.0, "impact_max": 0.0, "impact_std": 0.0, "impact_count": 2588, "priority": "VERY LOW", "rank": 262 }, "geometry": { "type": "Polygon", "coordinates": [ [ [ 77.124033657993351, 28.862980903906745 ], [ 77.124529354522878, 28.887339167617888 ], [ 77.098563829769347, 28.887746203576221 ], [ 77.098074180628885, 28.863387532812055 ], [ 77.124033657993351, 28.862980903906745 ] ] ] } },
{ "type": "Feature", "properties": { "zone_id": "Z-08-04", "impact_mean": 0.0, "impact_max": 0.0, "impact_std": 0.0, "impact_count": 9890, "priority": "VERY LOW", "rank": 263 }, "geometry": { "type": "Polygon", "coordinates": [ [ [ 77.064931598578099, 28.498391652431113 ], [ 77.065406289367473, 28.522752151212618 ], [ 77.039529649251634, 28.52314325365365 ], [ 77.039060895559885, 28.498782360489972 ], [ 77.064931598578099, 28.498391652431113 ] ] ] } },
{ "type": "Feature", "properties": { "zone_id": "Z-11-19", "impact_mean": 0.0, "impact_max": 0.0, "impact_std": 0.0, "impact_count": 26, "priority": "VERY LOW", "rank": 264 }, "geometry": { "type": "Polygon", "coordinates": [ [ [ 77.149992595768893, 28.862569282351878 ], [ 77.150494339154648, 28.886927134015306 ], [ 77.124529354522878, 28.887339167617888 ], [ 77.124033657993351, 28.862980903906745 ], [ 77.149992595768893, 28.862569282351878 ] ] ] } },
{ "type": "Feature", "properties": { "zone_id": "Z-12-00", "impact_mean": 0.0, "impact_max": 0.0, "impact_std": 0.0, "impact_count": 494, "priority": "VERY LOW", "rank": 265 }, "geometry": { "type": "Polygon", "coordinates": [ [ [ 77.166421604524658, 28.399343197304582 ], [ 77.166917566836091, 28.423702449891273 ], [ 77.141066738655098, 28.424111589106122 ], [ 77.140576681976938, 28.399751923031801 ], [ 77.166421604524658, 28.399343197304582 ] ] ] } },
{ "type": "Feature", "properties": { "zone_id": "Z-07-04", "impact_mean": 0.0, "impact_max": 0.0, "impact_std": 0.0, "impact_count": 210, "priority": "VERY LOW", "rank": 266 }, "geometry": { "type": "Polygon", "coordinates": [ [ [ 77.039060895559885, 28.498782360489972 ], [ 77.039529649251634, 28.52314325365365 ], [ 77.013652496371108, 28.523529432035346 ], [ 77.013189680276938, 28.499168149452046 ], [ 77.039060895559885, 28.498782360489972 ] ] ] } },
{ "type": "Feature", "properties": { "zone_id": "Z-13-00", "impact_mean": 0.0, "impact_max": 0.0, "impact_std": 0.0, "impact_count": 6897, "priority": "VERY LOW", "rank": 267 }, "geometry": { "type": "Polygon", "coordinates": [ [ [ 77.192265984522265, 28.398929574151524 ], [ 77.192767851939195, 28.423288408299292 ], [ 77.166917566836091, 28.423702449891273 ], [ 77.166421604524658, 28.399343197304582 ], [ 77.192265984522265, 28.398929574151524 ] ] ] } },
{ "type": "Feature", "properties": { "zone_id": "Z-14-00", "impact_mean": 0.0, "impact_max": 0.0, "impact_std": 0.0, "impact_count": 6544, "priority": "VERY LOW", "rank": 268 }, "geometry": { "type": "Polygon", "coordinates": [ [ [ 77.218109815516854, 28.398511053954746 ], [ 77.218617587505307, 28.422869464712782 ], [ 77.192767851939195, 28.423288408299292 ], [ 77.192265984522265, 28.398929574151524 ], [ 77.218109815516854, 28.398511053954746 ] ] ] } },
{ "type": "Feature", "properties": { "zone_id": "Z-15-00", "impact_mean": 0.0, "impact_max": 0.0, "impact_std": 0.0, "impact_count": 13730, "priority": "VERY LOW", "rank": 269 }, "geometry": { "type": "Polygon", "coordinates": [ [ [ 77.243953091056397, 28.39808763710084 ], [ 77.244466767076077, 28.422445619518857 ], [ 77.218617587505307, 28.422869464712782 ], [ 77.218109815516854, 28.398511053954746 ], [ 77.243953091056397, 28.39808763710084 ] ] ] } },
{ "type": "Feature", "properties": { "zone_id": "Z-06-04", "impact_mean": 0.0, "impact_max": 0.0, "impact_std": 0.0, "impact_count": 2360, "priority": "VERY LOW", "rank": 270 }, "geometry": { "type": "Polygon", "coordinates": [ [ [ 77.013189680276938, 28.499168149452046 ], [ 77.013652496371108, 28.523529432035346 ], [ 76.987774837214957, 28.523910686000345 ], [ 76.987317959212021, 28.49954901896043 ], [ 77.013189680276938, 28.499168149452046 ] ] ] } },
{ "type": "Feature", "properties": { "zone_id": "Z-16-00", "impact_mean": 0.0, "impact_max": 0.0, "impact_std": 0.0, "impact_count": 38, "priority": "VERY LOW", "rank": 271 }, "geometry": { "type": "Polygon", "coordinates": [ [ [ 77.269795804689693, 28.397659323980939 ], [ 77.270315384194106, 28.422016873109143 ], [ 77.244466767076077, 28.422445619518857 ], [ 77.243953091056397, 28.39808763710084 ], [ 77.269795804689693, 28.397659323980939 ] ] ] } },
{ "type": "Feature", "properties": { "zone_id": "Z-15-14", "impact_mean": 0.0, "impact_max": 0.0, "impact_std": 0.0, "impact_count": 11507, "priority": "VERY LOW", "rank": 272 }, "geometry": { "type": "Polygon", "coordinates": [ [ [ 77.251202936124329, 28.739090658921608 ], [ 77.251725615808127, 28.763447295842987 ], [ 77.225793006178208, 28.763877158000522 ], [ 77.22527633389339, 28.739520090036653 ], [ 77.251202936124329, 28.739090658921608 ] ] ] } },
{ "type": "Feature", "properties": { "zone_id": "Z-15-15", "impact_mean": 0.0, "impact_max": 0.0, "impact_std": 0.0, "impact_count": 747, "priority": "VERY LOW", "rank": 273 }, "geometry": { "type": "Polygon", "coordinates": [ [ [ 77.251725615808127, 28.763447295842987 ], [ 77.252248943348192, 28.787803836206837 ], [ 77.226310318881673, 28.78823412960206 ], [ 77.225793006178208, 28.763877158000522 ], [ 77.251725615808127, 28.763447295842987 ] ] ] } },
{ "type": "Feature", "properties": { "zone_id": "Z-04-16", "impact_mean": 0.0, "impact_max": 0.0, "impact_std": 0.0, "impact_count": 9947, "priority": "VERY LOW", "rank": 274 }, "geometry": { "type": "Polygon", "coordinates": [ [ [ 76.966894123993086, 28.792263312917232 ], [ 76.967351825425297, 28.816624228122212 ], [ 76.941401327131416, 28.817000139721962 ], [ 76.940949653740063, 28.792638847955846 ], [ 76.966894123993086, 28.792263312917232 ] ] ] } },
{ "type": "Feature", "properties": { "zone_id": "Z-04-17", "impact_mean": 0.0, "impact_max": 0.0, "impact_std": 0.0, "impact_count": 253, "priority": "VERY LOW", "rank": 275 }, "geometry": { "type": "Polygon", "coordinates": [ [ [ 76.967351825425297, 28.816624228122212 ], [ 76.967810093963521, 28.840985048679581 ], [ 76.941853560166379, 28.841361337011453 ], [ 76.941401327131416, 28.817000139721962 ], [ 76.967351825425297, 28.816624228122212 ] ] ] } },
{ "type": "Feature", "properties": { "zone_id": "Z-04-11", "impact_mean": 0.0, "impact_max": 0.0, "impact_std": 0.0, "impact_count": 9026, "priority": "VERY LOW", "rank": 276 }, "geometry": { "type": "Polygon", "coordinates": [ [ [ 76.964614103917214, 28.670457319167507 ], [ 76.965068978173733, 28.694818706757768 ], [ 76.939148545606258, 28.695192737256427 ], [ 76.938699662188114, 28.670830973956075 ], [ 76.964614103917214, 28.670457319167507 ] ] ] } },
{ "type": "Feature", "properties": { "zone_id": "Z-04-12", "impact_mean": 0.0, "impact_max": 0.0, "impact_std": 0.0, "impact_count": 4662, "priority": "VERY LOW", "rank": 277 }, "geometry": { "type": "Polygon", "coordinates": [ [ [ 76.965068978173733, 28.694818706757768 ], [ 76.965524416754761, 28.719179999984817 ], [ 76.939597985922958, 28.719554406363283 ], [ 76.939148545606258, 28.695192737256427 ], [ 76.965068978173733, 28.694818706757768 ] ] ] } },
{ "type": "Feature", "properties": { "zone_id": "Z-04-10", "impact_mean": 0.0, "impact_max": 0.0, "impact_std": 0.0, "impact_count": 19994, "priority": "VERY LOW", "rank": 278 }, "geometry": { "type": "Polygon", "coordinates": [ [ [ 76.964159793431833, 28.646095837271076 ], [ 76.964614103917214, 28.670457319167507 ], [ 76.938699662188114, 28.670830973956075 ], [ 76.938251335122487, 28.646469116518997 ], [ 76.964159793431833, 28.646095837271076 ] ] ] } },
{ "type": "Feature", "properties": { "zone_id": "Z-03-10", "impact_mean": 0.0, "impact_max": 0.0, "impact_std": 0.0, "impact_count": 1065, "priority": "VERY LOW", "rank": 279 }, "geometry": { "type": "Polygon", "coordinates": [ [ [ 76.938251335122487, 28.646469116518997 ], [ 76.938699662188114, 28.670830973956075 ], [ 76.91278473078917, 28.671199673450115 ], [ 76.91234238762307, 28.646837445450128 ], [ 76.938251335122487, 28.646469116518997 ] ] ] } },
{ "type": "Feature", "properties": { "zone_id": "Z-19-11", "impact_mean": 0.0, "impact_max": 0.0, "impact_std": 0.0, "impact_count": 4390, "priority": "VERY LOW", "rank": 280 }, "geometry": { "type": "Polygon", "coordinates": [ [ [ 77.353267531292133, 28.664258108473483 ], [ 77.353812206104635, 28.6886132631371 ], [ 77.327899909655486, 28.689061653559033 ], [ 77.327361217705544, 28.664706048543337 ], [ 77.353267531292133, 28.664258108473483 ] ] ] } },
{ "type": "Feature", "properties": { "zone_id": "Z-19-12", "impact_mean": 0.0, "impact_max": 0.0, "impact_std": 0.0, "impact_count": 610, "priority": "VERY LOW", "rank": 281 }, "geometry": { "type": "Polygon", "coordinates": [ [ [ 77.353812206104635, 28.6886132631371 ], [ 77.354357556520512, 28.712968320623347 ], [ 77.328439269796988, 28.713417161600614 ], [ 77.327899909655486, 28.689061653559033 ], [ 77.353812206104635, 28.6886132631371 ] ] ] } }
]
}
